symbol,company_name,effective_from,effective_to,is_current
20th Century Finance Corporation Ltd.,20th Century Finance Corporation Ltd.,1998-08-01,1999-02-03,False
3M India Ltd.,3M India Ltd.,1998-08-01,,True
ABB India Ltd.,ABB India Ltd.,1998-08-01,,True
ACC Ltd.,ACC Ltd.,1998-08-01,,True
AGC Networks Ltd.,AGC Networks Ltd.,1998-08-01,2011-03-25,False
AP Paper Mills Ltd.,AP Paper Mills Ltd.,1998-08-01,2002-04-23,False
APR Ltd.,APR Ltd.,1998-08-01,2000-09-03,False
ATV Projects India Ltd.,ATV Projects India Ltd.,1998-08-01,1999-02-03,False
Aban Offshore Ltd.,Aban Offshore Ltd.,1998-08-01,,True
Abbott India Ltd.,Abbott India Ltd.,1998-08-01,2003-04-01,False
Adani Enterprises Ltd.,Adani Enterprises Ltd.,1998-08-01,,True
Aditya Birla Nuvo Ltd.,Aditya Birla Nuvo Ltd.,1998-08-01,2015-10-19,False
Ador Welding Ltd.,Ador Welding Ltd.,1998-08-01,2011-10-10,False
Agro Tech Foods Ltd.,Agro Tech Foods Ltd.,1998-08-01,,True
Ahmednagar Forgings Ltd.,Ahmednagar Forgings Ltd.,1998-08-01,1999-09-08,False
Akzo Nobel India Ltd.,Akzo Nobel India Ltd.,1998-08-01,,True
Alembic Ltd.,Alembic Ltd.,1998-08-01,2011-04-11,False
Alfa Laval (India) Ltd.,Alfa Laval (India) Ltd.,1998-08-01,2012-04-12,False
Alpic Finance Ltd.,Alpic Finance Ltd.,1998-08-01,2002-01-17,False
Alpine Industries Ltd.,Alpine Industries Ltd.,1998-08-01,1999-05-26,False
Altos India Ltd.,Altos India Ltd.,1998-08-01,1999-05-26,False
Ambalal Sarabhai Enterprises Ltd.,Ambalal Sarabhai Enterprises Ltd.,1998-08-01,2002-03-29,False
Ambuja Cements Ltd.,Ambuja Cements Ltd.,1998-08-01,,True
Amrut Industries Ltd.,Amrut Industries Ltd.,1998-08-01,1999-02-03,False
Andhra Valley Power Supply Co. Ltd.,Andhra Valley Power Supply Co. Ltd.,1998-08-01,2000-11-29,False
Apollo Hospitals Enterprises Ltd.,Apollo Hospitals Enterprises Ltd.,1998-08-01,,True
Apollo Tyres Ltd.,Apollo Tyres Ltd.,1998-08-01,,True
Apple Credit Corporation Ltd.,Apple Credit Corporation Ltd.,1998-08-01,2001-08-31,False
Apple Finance Ltd.,Apple Finance Ltd.,1998-08-01,2001-12-07,False
Aptech Ltd. (Erstwhile),Aptech Ltd. (Erstwhile),1998-08-01,2002-01-29,False
Arvind Ltd.,Arvind Ltd.,1998-08-01,2015-02-02,False
Arvind Polycot Ltd.,Arvind Polycot Ltd.,1998-08-01,1999-05-26,False
Ashok Leyland Finance Ltd.,Ashok Leyland Finance Ltd.,1998-08-01,2004-07-09,False
Ashok Leyland Ltd.,Ashok Leyland Ltd.,1998-08-01,,True
Asian Coffee Ltd.,Asian Coffee Ltd.,1998-08-01,1999-12-08,False
Asian Electronics Ltd.,Asian Electronics Ltd.,1998-08-01,2011-03-25,False
Asian Hotels (North) Ltd.,Asian Hotels (North) Ltd.,1998-08-01,2010-02-24,False
Asian Paints Ltd.,Asian Paints Ltd.,1998-08-01,,True
Assam Company India Ltd.,Assam Company India Ltd.,1998-08-01,2002-07-09,False
AstraZenca Pharma India Ltd.,AstraZenca Pharma India Ltd.,1998-08-01,,True
Atcom Technologies Ltd.,Atcom Technologies Ltd.,1998-08-01,2004-12-10,False
Atlas Copco (India) Ltd.,Atlas Copco (India) Ltd.,1998-08-01,2003-04-01,False
Atlas Cycle (Haryana) Ltd.,Atlas Cycle (Haryana) Ltd.,1998-08-01,2007-04-04,False
Atul Ltd.,Atul Ltd.,1998-08-01,,True
Automotive Axles Ltd.,Automotive Axles Ltd.,1998-08-01,2002-09-19,False
Autoriders Finance Ltd.,Autoriders Finance Ltd.,1998-08-01,1999-09-08,False
BASF India Ltd.,BASF India Ltd.,1998-08-01,,True
BEML Ltd.,BEML Ltd.,1998-08-01,,True
BIL Industries Ltd.,BIL Industries Ltd.,1998-08-01,1999-05-26,False
BPL Engineering Ltd.,BPL Engineering Ltd.,1998-08-01,2004-12-10,False
BPL Ltd.,BPL Ltd.,1998-08-01,2011-03-25,False
Bajaj Auto Ltd.,Bajaj Auto Ltd.,1998-08-01,2008-03-14,False
Bajaj Finance Ltd.,Bajaj Finance Ltd.,1998-08-01,,True
Bajaj Hindusthan Ltd.,Bajaj Hindusthan Ltd.,1998-08-01,2002-04-23,False
Bajaj Tempo Ltd.,Bajaj Tempo Ltd.,1998-08-01,2001-04-25,False
Balaji Distilleries Ltd.,Balaji Distilleries Ltd.,1998-08-01,2004-03-15,False
Ballarpur Industries Ltd.,Ballarpur Industries Ltd.,1998-08-01,2008-02-29,False
Balrampur Chini Mills Ltd.,Balrampur Chini Mills Ltd.,1998-08-01,,True
Bank of Baroda,Bank of Baroda,1998-08-01,,True
Bank of India,Bank of India,1998-08-01,,True
Bannari Amman Sugars Ltd.,Bannari Amman Sugars Ltd.,1998-08-01,2013-09-27,False
Baroda Rayon Corporation Ltd.,Baroda Rayon Corporation Ltd.,1998-08-01,2000-09-03,False
Bata India Ltd.,Bata India Ltd.,1998-08-01,,True
Bayer Cropscience Ltd.,Bayer Cropscience Ltd.,1998-08-01,2003-04-07,False
Bell Ceramics Ltd.,Bell Ceramics Ltd.,1998-08-01,1999-09-08,False
Berger Paints India Ltd.,Berger Paints India Ltd.,1998-08-01,,True
Bharat Bijlee Ltd.,Bharat Bijlee Ltd.,1998-08-01,2000-09-03,False
Bharat Electronics Ltd.,Bharat Electronics Ltd.,1998-08-01,,True
Bharat Forge Ltd.,Bharat Forge Ltd.,1998-08-01,,True
Bharat Heavy Electricals Ltd.,Bharat Heavy Electricals Ltd.,1998-08-01,,True
Bharat Petroleum Corporation Ltd.,Bharat Petroleum Corporation Ltd.,1998-08-01,,True
Bharti Telecom Ltd.-Suspended,Bharti Telecom Ltd.-Suspended,1998-08-01,1999-12-08,False
Binani Industries Ltd.,Binani Industries Ltd.,1998-08-01,2002-09-19,False
Birla Corporation Ltd.,Birla Corporation Ltd.,1998-08-01,,True
Birla Global Finance Ltd.,Birla Global Finance Ltd.,1998-08-01,2006-07-10,False
Birla Power Solutions Ltd.,Birla Power Solutions Ltd.,1998-08-01,2002-03-29,False
Blow Plast Ltd.,Blow Plast Ltd.,1998-08-01,2002-04-23,False
Blue Star Ltd.,Blue Star Ltd.,1998-08-01,,True
Bombay Burmah Trading Corporation Ltd.,Bombay Burmah Trading Corporation Ltd.,1998-08-01,2000-09-03,False
Bombay Dyeing & Manufacturing Co. Ltd.,Bombay Dyeing & Manufacturing Co. Ltd.,1998-08-01,,True
Bongaigaon Refinery & Petrochemicals Ltd.,Bongaigaon Refinery & Petrochemicals Ltd.,1998-08-01,2009-04-21,False
Bosch Ltd.,Bosch Ltd.,1998-08-01,,True
Brabourne Enterprises Ltd.,Brabourne Enterprises Ltd.,1998-08-01,2008-02-15,False
Britannia Industries Ltd.,Britannia Industries Ltd.,1998-08-01,,True
Burroughs Wellcome (India) Ltd.,Burroughs Wellcome (India) Ltd.,1998-08-01,2003-04-01,False
CESC Ltd.,CESC Ltd.,1998-08-01,,True
CFL Capital Financial Services Ltd.,CFL Capital Financial Services Ltd.,1998-08-01,2002-11-11,False
CRISIL Ltd.,CRISIL Ltd.,1998-08-01,,True
Cable Corporation of India Ltd.,Cable Corporation of India Ltd.,1998-08-01,2001-08-31,False
Cabot India Ltd.,Cabot India Ltd.,1998-08-01,2002-07-09,False
Cadbury India Ltd.,Cadbury India Ltd.,1998-08-01,2002-09-19,False
Caprihans India Ltd.,Caprihans India Ltd.,1998-08-01,2002-03-29,False
Carborundum Universal Ltd.,Carborundum Universal Ltd.,1998-08-01,,True
Carrier Aircon Ltd.,Carrier Aircon Ltd.,1998-08-01,2003-04-01,False
Castrol (India) Ltd.,Castrol (India) Ltd.,1998-08-01,2014-02-28,False
Ceat Ltd.,Ceat Ltd.,1998-08-01,2007-12-26,False
Centak Chemicals Ltd.,Centak Chemicals Ltd.,1998-08-01,2002-03-29,False
Century Enka Ltd.,Century Enka Ltd.,1998-08-01,,True
Century Textile & Industries Ltd.,Century Textile & Industries Ltd.,1998-08-01,,True
Chambal Fertilizers & Chemicals Ltd.,Chambal Fertilizers & Chemicals Ltd.,1998-08-01,,True
Cheminor Drugs Ltd.,Cheminor Drugs Ltd.,1998-08-01,2000-12-13,False
Chemplast Sanmar Ltd.,Chemplast Sanmar Ltd.,1998-08-01,2012-06-18,False
Chennai Petroleum Corporation Ltd.,Chennai Petroleum Corporation Ltd.,1998-08-01,,True
Chicago Pneumatic India Ltd.,Chicago Pneumatic India Ltd.,1998-08-01,2001-01-10,False
Chowgule Steamships Ltd.,Chowgule Steamships Ltd.,1998-08-01,1999-09-08,False
Cipla Ltd.,Cipla Ltd.,1998-08-01,,True
Clariant (India) Ltd.,Clariant (India) Ltd.,1998-08-01,2006-04-13,False
Clariant Chemicals (India) Ltd.,Clariant Chemicals (India) Ltd.,1998-08-01,,True
Colgate Palmolive (India) Ltd.,Colgate Palmolive (India) Ltd.,1998-08-01,2007-11-29,False
Core Healthcare Ltd.,Core Healthcare Ltd.,1998-08-01,2000-05-24,False
Cosmo Films Ltd.,Cosmo Films Ltd.,1998-08-01,2011-10-10,False
Crompton Greaves Ltd.,Crompton Greaves Ltd.,1998-08-01,,True
Cummins India Ltd.,Cummins India Ltd.,1998-08-01,,True
DCL Polyesters Ltd.,DCL Polyesters Ltd.,1998-08-01,2002-03-29,False
DCW Ltd.,DCW Ltd.,1998-08-01,2015-03-27,False
DIC India Ltd.,DIC India Ltd.,1998-08-01,2009-03-27,False
Dabur India Ltd.,Dabur India Ltd.,1998-08-01,,True
Daewoo Motors India Ltd.,Daewoo Motors India Ltd.,1998-08-01,2002-09-19,False
Dalmia Bharat Sugar and Industries Ltd.,Dalmia Bharat Sugar and Industries Ltd.,1998-08-01,2010-09-24,False
Deepak Fertilisers & Petrochemicals Corp. Ltd.,Deepak Fertilisers & Petrochemicals Corp. Ltd.,1998-08-01,2002-09-19,False
Denso India Ltd.,Denso India Ltd.,1998-08-01,2002-10-11,False
Dewan Rubber Industries Ltd.,Dewan Rubber Industries Ltd.,1998-08-01,1999-09-08,False
Dhampur Sugar Mills Ltd.,Dhampur Sugar Mills Ltd.,1998-08-01,2012-04-27,False
Dharamsi Morarji Chemical Co. Ltd.,Dharamsi Morarji Chemical Co. Ltd.,1998-08-01,1999-09-08,False
Digital Globalsoft Ltd.,Digital Globalsoft Ltd.,1998-08-01,2004-04-12,False
Digjam Ltd.,Digjam Ltd.,1998-08-01,2005-09-26,False
Dr. Reddy's Laboratories Ltd.,Dr. Reddy's Laboratories Ltd.,1998-08-01,,True
E.I.D. Parry (India) Ltd.,E.I.D. Parry (India) Ltd.,1998-08-01,,True
EIH Ltd.,EIH Ltd.,1998-08-01,,True
ESAB India Ltd.,ESAB India Ltd.,1998-08-01,,True
Elecon Engineering Co. Ltd.,Elecon Engineering Co. Ltd.,1998-08-01,2002-03-29,False
Electrex (India) Ltd.,Electrex (India) Ltd.,1998-08-01,2000-05-24,False
Electrosteel Castings Ltd.,Electrosteel Castings Ltd.,1998-08-01,,True
Elgi Equipments Ltd.,Elgi Equipments Ltd.,1998-08-01,,True
Escorts Ltd.,Escorts Ltd.,1998-08-01,,True
Eskay K'n'IT (India) Ltd.,Eskay K'n'IT (India) Ltd.,1998-08-01,1999-02-03,False
Essar Oil Ltd.,Essar Oil Ltd.,1998-08-01,2014-03-28,False
Essar Ports Ltd.,Essar Ports Ltd.,1998-08-01,2011-05-18,False
Essar Steel Ltd.,Essar Steel Ltd.,1998-08-01,2007-12-07,False
Essel Propack Ltd.,Essel Propack Ltd.,1998-08-01,,True
Everest Industries Ltd.,Everest Industries Ltd.,1998-08-01,2011-10-10,False
Excel Industries Ltd.- Arrangement,Excel Industries Ltd.- Arrangement,1998-08-01,2003-09-29,False
Exide Industries Ltd.,Exide Industries Ltd.,1998-08-01,,True
FDC Ltd.,FDC Ltd.,1998-08-01,,True
FGP Ltd.,FGP Ltd.,1998-08-01,1999-12-08,False
Fag Bearings India Ltd.,Fag Bearings India Ltd.,1998-08-01,,True
Federal Bank Ltd.,Federal Bank Ltd.,1998-08-01,,True
Federal-Mogul Goetze (India) Ltd.,Federal-Mogul Goetze (India) Ltd.,1998-08-01,,True
Finolex Cables Ltd.,Finolex Cables Ltd.,1998-08-01,,True
Finolex Industries Ltd.,Finolex Industries Ltd.,1998-08-01,,True
Flat Products Equipments (India) Ltd.,Flat Products Equipments (India) Ltd.,1998-08-01,2001-12-07,False
Forbes Gokak Ltd.,Forbes Gokak Ltd.,1998-08-01,2002-09-19,False
Foseco India Ltd.,Foseco India Ltd.,1998-08-01,2009-03-27,False
Fulford (India) Ltd.,Fulford (India) Ltd.,1998-08-01,2002-09-19,False
GAIL (India) Ltd.,GAIL (India) Ltd.,1998-08-01,,True
GHCL Ltd.,GHCL Ltd.,1998-08-01,,True
GKN Driveshafts Ltd. -Delisted,GKN Driveshafts Ltd. -Delisted,1998-08-01,2002-09-19,False
GTL Ltd.,GTL Ltd.,1998-08-01,2013-04-01,False
GTN Industries Ltd.,GTN Industries Ltd.,1998-08-01,2007-04-04,False
Ganesh Benzoplast Ltd.,Ganesh Benzoplast Ltd.,1998-08-01,2002-04-23,False
Garden Silk Mills Ltd.,Garden Silk Mills Ltd.,1998-08-01,2012-09-28,False
Garware Polyester Ltd.,Garware Polyester Ltd.,1998-08-01,2001-12-07,False
Garware-Wall Ropes Ltd.,Garware-Wall Ropes Ltd.,1998-08-01,2002-09-19,False
German Remedies Ltd.,German Remedies Ltd.,1998-08-01,2003-09-05,False
Gillette India Ltd.,Gillette India Ltd.,1998-08-01,,True
GlaxoSmithkline Consumer Healthcare Ltd.,GlaxoSmithkline Consumer Healthcare Ltd.,1998-08-01,,True
Glaxosmithkline Pharmaceuticals Ltd.,Glaxosmithkline Pharmaceuticals Ltd.,1998-08-01,,True
Godavari Fertilisers & Chemicals Ltd.,Godavari Fertilisers & Chemicals Ltd.,1998-08-01,2008-02-15,False
Godfrey Phillips India Ltd.,Godfrey Phillips India Ltd.,1998-08-01,,True
Godrej Industries Ltd.-Old,Godrej Industries Ltd.-Old,1998-08-01,2002-07-18,False
Golden Tobacco Ltd.,Golden Tobacco Ltd.,1998-08-01,1999-05-26,False
Good Value Marketing Co. Ltd.,Good Value Marketing Co. Ltd.,1998-08-01,1999-02-03,False
Goodricke Group Ltd.,Goodricke Group Ltd.,1998-08-01,2002-09-19,False
Goodyear India Ltd.,Goodyear India Ltd.,1998-08-01,2002-09-19,False
Grasim Industries Ltd.,Grasim Industries Ltd.,1998-08-01,2010-05-26,False
Great Eastern Shipping Co. Ltd.,Great Eastern Shipping Co. Ltd.,1998-08-01,2006-11-08,False
Greaves Cotton Ltd.,Greaves Cotton Ltd.,1998-08-01,2002-09-19,False
Grindwell Norton Ltd.,Grindwell Norton Ltd.,1998-08-01,2002-04-23,False
Gujarat Alkalies & Chemicals Ltd.,Gujarat Alkalies & Chemicals Ltd.,1998-08-01,,True
Gujarat Fluorochemicals Ltd.,Gujarat Fluorochemicals Ltd.,1998-08-01,,True
Gujarat Gas Co. Ltd.,Gujarat Gas Co. Ltd.,1998-08-01,2015-02-02,False
Gujarat Industries Power Co. Ltd.,Gujarat Industries Power Co. Ltd.,1998-08-01,,True
Gujarat Lease Financing Ltd.,Gujarat Lease Financing Ltd.,1998-08-01,2001-04-25,False
Gujarat Narmada Valley Fertilizers and Chemicals Ltd.,Gujarat Narmada Valley Fertilizers and Chemicals Ltd.,1998-08-01,,True
Gujarat State Fertilizers & Chemicals Ltd.,Gujarat State Fertilizers & Chemicals Ltd.,1998-08-01,,True
H.E.G. Ltd.,H.E.G. Ltd.,1998-08-01,,True
HAMCO Mining & Smelting Ltd.,HAMCO Mining & Smelting Ltd.,1998-08-01,2000-12-13,False
HCL Infosystems Ltd.,HCL Infosystems Ltd.,1998-08-01,,True
HDFC Bank Ltd.,HDFC Bank Ltd.,1998-08-01,,True
HIL Ltd.,HIL Ltd.,1998-08-01,2002-04-23,False
Harrisons Malayalam Ltd.,Harrisons Malayalam Ltd.,1998-08-01,2010-08-31,False
HeidelbergCement India Ltd.,HeidelbergCement India Ltd.,1998-08-01,2004-12-10,False
Herbertsons Ltd.,Herbertsons Ltd.,1998-08-01,2000-12-13,False
Hero MotoCorp Ltd.,Hero MotoCorp Ltd.,1998-08-01,,True
Himachal Fut Com Ltd.- Old,Himachal Fut Com Ltd.- Old,1998-08-01,2011-02-08,False
Himatsingka Seide Ltd.,Himatsingka Seide Ltd.,1998-08-01,,True
Hind Lever Chemicals Ltd.,Hind Lever Chemicals Ltd.,1998-08-01,2004-06-14,False
Hind Syntex Ltd.,Hind Syntex Ltd.,1998-08-01,2002-01-17,False
Hindalco Industries Ltd.,Hindalco Industries Ltd.,1998-08-01,,True
Hindustan Construction Co. Ltd.,Hindustan Construction Co. Ltd.,1998-08-01,,True
Hindustan Development Corporation Ltd.,Hindustan Development Corporation Ltd.,1998-08-01,2000-12-13,False
Hindustan Motors Ltd.,Hindustan Motors Ltd.,1998-08-01,2011-01-20,False
Hindustan Oil Exploration Co. Ltd.,Hindustan Oil Exploration Co. Ltd.,1998-08-01,,True
Hindustan Organic Chemicals Ltd.,Hindustan Organic Chemicals Ltd.,1998-08-01,2005-09-26,False
Hindustan Petroleum Corporation Ltd.,Hindustan Petroleum Corporation Ltd.,1998-08-01,,True
Hindustan Powerplus Ltd.,Hindustan Powerplus Ltd.,1998-08-01,2002-09-19,False
Hindustan Unilever Ltd.,Hindustan Unilever Ltd.,1998-08-01,,True
Hindustan Zinc Ltd.,Hindustan Zinc Ltd.,1998-08-01,2003-04-01,False
Hitech Drilling Services India Ltd.,Hitech Drilling Services India Ltd.,1998-08-01,2002-04-23,False
Hoganas India Ltd.- Sus,Hoganas India Ltd.- Sus,1998-08-01,2002-05-21,False
Honda SIEL Power Products Ltd.,Honda SIEL Power Products Ltd.,1998-08-01,2009-10-22,False
Honeywell Automation India Ltd.,Honeywell Automation India Ltd.,1998-08-01,,True
Hotel Leela Venture Ltd.,Hotel Leela Venture Ltd.,1998-08-01,,True
Housing Development Finance Corporation Ltd.,Housing Development Finance Corporation Ltd.,1998-08-01,,True
I G Petrochemicals Ltd.,I G Petrochemicals Ltd.,1998-08-01,2002-03-29,False
I T C Bhadrachalam Paper Boards Ltd.,I T C Bhadrachalam Paper Boards Ltd.,1998-08-01,2002-04-23,False
I T C Ltd.,I T C Ltd.,1998-08-01,,True
IBP Co. Ltd.,IBP Co. Ltd.,1998-08-01,2007-06-04,False
ICICI Ltd.,ICICI Ltd.,1998-08-01,2002-04-23,False
IDBI Bank Ltd.,IDBI Bank Ltd.,1998-08-01,,True
IDI Ltd.,IDI Ltd.,1998-08-01,2001-04-25,False
IFB Industries Ltd.,IFB Industries Ltd.,1998-08-01,2000-09-03,False
IFCI Ltd.,IFCI Ltd.,1998-08-01,2004-12-10,False
IP Rings Ltd.,IP Rings Ltd.,1998-08-01,2002-04-23,False
ISMT Ltd.,ISMT Ltd.,1998-08-01,2000-05-24,False
ITC Hotels Ltd.,ITC Hotels Ltd.,1998-08-01,2005-04-08,False
ITD Cementation India Ltd.,ITD Cementation India Ltd.,1998-08-01,2004-12-10,False
ITI Ltd.,ITI Ltd.,1998-08-01,2004-12-10,False
ITW Signode India Ltd.- Sus,ITW Signode India Ltd.- Sus,1998-08-01,2002-04-23,False
India Cements Ltd.,India Cements Ltd.,1998-08-01,,True
India Glycols Ltd.,India Glycols Ltd.,1998-08-01,2014-09-19,False
India Gypsum Ltd.,India Gypsum Ltd.,1998-08-01,2005-01-05,False
India Securities Ltd.,India Securities Ltd.,1998-08-01,1999-05-26,False
Indian Aluminium Co. Ltd.,Indian Aluminium Co. Ltd.,1998-08-01,2003-12-11,False
Indian Card Clothing Co. Ltd.,Indian Card Clothing Co. Ltd.,1998-08-01,2008-09-10,False
Indian Hotels Co. Ltd.,Indian Hotels Co. Ltd.,1998-08-01,,True
Indian Organic Chemicals Ltd.,Indian Organic Chemicals Ltd.,1998-08-01,2001-12-07,False
Indian Petrochemicals Corporation Ltd.,Indian Petrochemicals Corporation Ltd.,1998-08-01,2007-10-05,False
Indo Gulf Corporation Ltd.,Indo Gulf Corporation Ltd.,1998-08-01,2003-03-05,False
Indo Rama Synthetics (India) Ltd. - Old,Indo Rama Synthetics (India) Ltd. - Old,1998-08-01,2003-05-23,False
Industrial Oxygen Co. Ltd. -Sus,Industrial Oxygen Co. Ltd. -Sus,1998-08-01,1999-12-08,False
Infomedia Press Ltd.,Infomedia Press Ltd.,1998-08-01,2006-08-10,False
Infosys Ltd.,Infosys Ltd.,1998-08-01,,True
Ingersoll Rand (India) Ltd.,Ingersoll Rand (India) Ltd.,1998-08-01,,True
International Travel House Ltd.,International Travel House Ltd.,1998-08-01,2002-09-19,False
Ion Exchange (India) Ltd.,Ion Exchange (India) Ltd.,1998-08-01,2002-09-19,False
Ipca Laboratories Ltd.,Ipca Laboratories Ltd.,1998-08-01,,True
Ispat Alloys Ltd.,Ispat Alloys Ltd.,1998-08-01,2000-05-24,False
J.B. Chemicals & Pharmaceuticals Ltd.,J.B. Chemicals & Pharmaceuticals Ltd.,1998-08-01,,True
JBF Industries Ltd.,JBF Industries Ltd.,1998-08-01,2001-08-31,False
JCT Electronics Ltd.,JCT Electronics Ltd.,1998-08-01,2001-10-11,False
JCT Ltd.,JCT Ltd.,1998-08-01,2001-12-07,False
JD Orgochem Ltd.,JD Orgochem Ltd.,1998-08-01,2000-09-03,False
JK Lakshmi Cement Ltd.,JK Lakshmi Cement Ltd.,1998-08-01,2003-01-21,False
JK Tyre & Industries Ltd..,JK Tyre & Industries Ltd..,1998-08-01,2002-09-19,False
JSW ISPAT Steel Ltd.,JSW ISPAT Steel Ltd.,1998-08-01,2013-06-11,False
Jagatjit Industries Ltd. -Sus,Jagatjit Industries Ltd. -Sus,1998-08-01,2001-08-31,False
Jain Irrigation Systems Ltd. (Old),Jain Irrigation Systems Ltd. (Old),1998-08-01,2000-12-20,False
Jaiprakash Industries Ltd.- Suspended,Jaiprakash Industries Ltd.- Suspended,1998-08-01,2004-03-22,False
Jay Shree Tea & Industries Ltd.,Jay Shree Tea & Industries Ltd.,1998-08-01,2012-09-28,False
Jindal Iron & Steel Co. Ltd.,Jindal Iron & Steel Co. Ltd.,1998-08-01,2005-02-18,False
Jindal Photo Ltd.,Jindal Photo Ltd.,1998-08-01,2004-12-22,False
Jindal Saw Ltd.,Jindal Saw Ltd.,1998-08-01,2011-11-22,False
Jindal Strips Ltd.- Merged,Jindal Strips Ltd.- Merged,1998-08-01,2003-09-09,False
Jyoti Structures Ltd.,Jyoti Structures Ltd.,1998-08-01,,True
KSB Pumps Ltd.,KSB Pumps Ltd.,1998-08-01,,True
Kajaria Ceramics Ltd.,Kajaria Ceramics Ltd.,1998-08-01,,True
Kalyani Steels Ltd.,Kalyani Steels Ltd.,1998-08-01,2001-12-07,False
Kansai Nerolac Paints Ltd.,Kansai Nerolac Paints Ltd.,1998-08-01,,True
Kerala Chemicals & Proteins Ltd.,Kerala Chemicals & Proteins Ltd.,1998-08-01,2002-03-29,False
Kesoram Industries Ltd.,Kesoram Industries Ltd.,1998-08-01,,True
Kinetic Engineering Ltd.,Kinetic Engineering Ltd.,1998-08-01,2002-09-19,False
Kinetic Motor Co. Ltd.,Kinetic Motor Co. Ltd.,1998-08-01,2003-02-25,False
Kirloskar Industries Ltd.,Kirloskar Industries Ltd.,1998-08-01,2010-04-15,False
Kitply Industries Ltd.,Kitply Industries Ltd.,1998-08-01,2006-09-13,False
Kochi Refineries Ltd.,Kochi Refineries Ltd.,1998-08-01,2006-09-22,False
Kodak India Ltd. - Delisted,Kodak India Ltd. - Delisted,1998-08-01,2003-04-07,False
Kopran Ltd.,Kopran Ltd.,1998-08-01,2008-09-10,False
Kotak Mahindra Bank Ltd.,Kotak Mahindra Bank Ltd.,1998-08-01,,True
Krishna Filaments Ltd.,Krishna Filaments Ltd.,1998-08-01,2001-08-31,False
Krishna Lifestyle Technologies Ltd.,Krishna Lifestyle Technologies Ltd.,1998-08-01,1999-02-03,False
LIC Housing Finance Ltd.,LIC Housing Finance Ltd.,1998-08-01,,True
LML Ltd.,LML Ltd.,1998-08-01,2004-12-10,False
Lakshmi Machine Works Ltd.,Lakshmi Machine Works Ltd.,1998-08-01,,True
Larsen & Toubro Ltd.-Sus,Larsen & Toubro Ltd.-Sus,1998-08-01,2004-05-24,False
Linde India Ltd.,Linde India Ltd.,1998-08-01,,True
Lloyds Finance Ltd.,Lloyds Finance Ltd.,1998-08-01,2002-03-29,False
Lloyds Metals & Engineers Ltd.,Lloyds Metals & Engineers Ltd.,1998-08-01,1999-09-08,False
Lok Housing & Constructions Ltd.,Lok Housing & Constructions Ltd.,1998-08-01,1999-02-03,False
Lumax Industries Ltd.,Lumax Industries Ltd.,1998-08-01,2009-10-22,False
Lupin Chemicals Ltd.  (Erstwhile),Lupin Chemicals Ltd.  (Erstwhile),1998-08-01,2001-04-25,False
Lupin Laboratories Ltd.  (Erstwhile),Lupin Laboratories Ltd.  (Erstwhile),1998-08-01,2001-08-31,False
MRF Ltd.,MRF Ltd.,1998-08-01,,True
Madura Coats Ltd.,Madura Coats Ltd.,1998-08-01,2003-04-25,False
Mafatlal Industries Ltd.,Mafatlal Industries Ltd.,1998-08-01,2000-12-13,False
Mahanagar Telephone Nigam Ltd.,Mahanagar Telephone Nigam Ltd.,1998-08-01,2014-03-28,False
Maharashtra Scooters Ltd.,Maharashtra Scooters Ltd.,1998-08-01,2009-03-27,False
Maharashtra Seamless Ltd.,Maharashtra Seamless Ltd.,1998-08-01,,True
Mahindra & Mahindra Ltd.,Mahindra & Mahindra Ltd.,1998-08-01,,True
Mahindra Ugine Steel Co. Ltd.,Mahindra Ugine Steel Co. Ltd.,1998-08-01,2014-06-30,False
Mangalam Cement Ltd.,Mangalam Cement Ltd.,1998-08-01,2001-10-11,False
Maral Overseas Ltd.,Maral Overseas Ltd.,1998-08-01,2007-09-24,False
Mardia Chemicals Ltd.,Mardia Chemicals Ltd.,1998-08-01,1999-12-08,False
Marico Ltd.,Marico Ltd.,1998-08-01,2013-11-01,False
Mastek Ltd.,Mastek Ltd.,1998-08-01,2015-03-27,False
Max India Ltd.,Max India Ltd.,1998-08-01,,True
McDowell & Co. Ltd. (Old),McDowell & Co. Ltd. (Old),1998-08-01,2001-06-20,False
Merck Ltd.,Merck Ltd.,1998-08-01,,True
Merind Ltd.-Merged,Merind Ltd.-Merged,1998-08-01,1999-05-26,False
Micro Inks Ltd.,Micro Inks Ltd.,1998-08-01,2010-04-06,False
Mirc Electronics Ltd.,Mirc Electronics Ltd.,1998-08-01,2012-09-28,False
Modern Denim Ltd.,Modern Denim Ltd.,1998-08-01,1999-02-03,False
Modern Syntex (India) Ltd.,Modern Syntex (India) Ltd.,1998-08-01,1999-02-03,False
Modern Terry Towels Ltd.,Modern Terry Towels Ltd.,1998-08-01,1999-02-03,False
Modern Threads (India) Ltd.,Modern Threads (India) Ltd.,1998-08-01,1999-02-03,False
Modi Rubber Ltd.,Modi Rubber Ltd.,1998-08-01,2002-11-11,False
Modi Xerox Ltd.- Sus,Modi Xerox Ltd.- Sus,1998-08-01,2000-05-24,False
Modiluft Ltd.,Modiluft Ltd.,1998-08-01,1999-09-08,False
Morepen Laboratories Ltd.,Morepen Laboratories Ltd.,1998-08-01,2005-06-29,False
Mukand Ltd.- Old,Mukand Ltd.- Old,1998-08-01,2004-01-02,False
Munjal Showa Ltd.,Munjal Showa Ltd.,1998-08-01,2011-03-25,False
NEPC Agro Foods Ltd.,NEPC Agro Foods Ltd.,1998-08-01,1999-09-08,False
NEPC India Ltd,NEPC India Ltd,1998-08-01,2009-03-27,False
NIIT Ltd.-Sus,NIIT Ltd.-Sus,1998-08-01,2004-07-09,False
NOCIL Ltd.,NOCIL Ltd.,1998-08-01,2004-12-10,False
Nagarjuna Fertilizers & Chemicals Ltd.,Nagarjuna Fertilizers & Chemicals Ltd.,1998-08-01,2011-08-29,False
Nahar Industrial Enterprises Ltd.,Nahar Industrial Enterprises Ltd.,1998-08-01,2001-04-25,False
Nahar Poly Films Ltd.,Nahar Poly Films Ltd.,1998-08-01,2007-01-24,False
Nahar Spinning Mills Ltd.,Nahar Spinning Mills Ltd.,1998-08-01,2007-01-24,False
National Aluminium Co. Ltd. (Old),National Aluminium Co. Ltd. (Old),1998-08-01,1999-04-29,False
National Peroxide Ltd.,National Peroxide Ltd.,1998-08-01,1999-05-26,False
Navneet Education Ltd.,Navneet Education Ltd.,1998-08-01,,True
Nestle India Ltd.,Nestle India Ltd.,1998-08-01,2003-08-04,False
Nirma Ltd.,Nirma Ltd.,1998-08-01,2011-03-24,False
Novartis India Ltd.,Novartis India Ltd.,1998-08-01,2003-05-02,False
OTIS Elevator Company (India) Ltd.,OTIS Elevator Company (India) Ltd.,1998-08-01,2003-05-02,False
Oil Country Tubular Ltd.,Oil Country Tubular Ltd.,1998-08-01,1999-05-26,False
Orchid Chemicals & Pharmaceuticals Ltd.,Orchid Chemicals & Pharmaceuticals Ltd.,1998-08-01,,True
Orient Paper & Industries Ltd.,Orient Paper & Industries Ltd.,1998-08-01,2013-03-07,False
Oriental Bank of Commerce,Oriental Bank of Commerce,1998-08-01,,True
Oriental Hotels Ltd.,Oriental Hotels Ltd.,1998-08-01,2013-04-01,False
Orkay Industries Ltd.,Orkay Industries Ltd.,1998-08-01,1999-02-03,False
Oswal Agro Mills Ltd.,Oswal Agro Mills Ltd.,1998-08-01,2002-03-29,False
Oswal Chemicals & Fertilizers Ltd.,Oswal Chemicals & Fertilizers Ltd.,1998-08-01,2004-03-15,False
Oudh Sugar Mills Ltd.,Oudh Sugar Mills Ltd.,1998-08-01,2002-04-23,False
PHIL Corporation Ltd.,PHIL Corporation Ltd.,1998-08-01,2002-04-23,False
Parekh Platinum Ltd.,Parekh Platinum Ltd.,1998-08-01,2004-12-10,False
Parke-Davis (India) Ltd.,Parke-Davis (India) Ltd.,1998-08-01,2003-03-06,False
Patheja Forgings & Auto Parts Manufacturers Ltd.,Patheja Forgings & Auto Parts Manufacturers Ltd.,1998-08-01,1999-09-08,False
Peacock Industries Ltd.-old,Peacock Industries Ltd.-old,1998-08-01,1999-05-26,False
Peninsula Land Ltd.,Peninsula Land Ltd.,1998-08-01,2004-12-10,False
Pentamedia Graphics Ltd.,Pentamedia Graphics Ltd.,1998-08-01,2006-09-13,False
Pfizer Ltd.,Pfizer Ltd.,1998-08-01,,True
Philips India Ltd.,Philips India Ltd.,1998-08-01,2002-09-19,False
Phillips Carbon Black Ltd.,Phillips Carbon Black Ltd.,1998-08-01,2002-01-17,False
Phoenix International Ltd.,Phoenix International Ltd.,1998-08-01,2002-03-29,False
Pidilite Industries Ltd.,Pidilite Industries Ltd.,1998-08-01,,True
Piramal Enterprises Ltd.,Piramal Enterprises Ltd.,1998-08-01,2008-02-15,False
Piramal Holdings Ltd.-Delisted,Piramal Holdings Ltd.-Delisted,1998-08-01,1999-02-03,False
Prakash Industries Ltd.,Prakash Industries Ltd.,1998-08-01,1999-05-26,False
Precision Fasteners Ltd.,Precision Fasteners Ltd.,1998-08-01,1999-03-17,False
Premier Ltd.,Premier Ltd.,1998-08-01,2000-05-24,False
Prime Securities Ltd.,Prime Securities Ltd.,1998-08-01,1999-12-08,False
Procter & Gamble Hygiene & Health Care Ltd.,Procter & Gamble Hygiene & Health Care Ltd.,1998-08-01,2003-04-01,False
Pudumjee Pulp & Paper Mills Ltd.,Pudumjee Pulp & Paper Mills Ltd.,1998-08-01,2007-09-24,False
Punjab Alkalies & Chemicals Ltd.,Punjab Alkalies & Chemicals Ltd.,1998-08-01,2000-09-03,False
Punjab Chemicals & Crop Protection Ltd.,Punjab Chemicals & Crop Protection Ltd.,1998-08-01,2002-03-29,False
Punjab Tractors Ltd.,Punjab Tractors Ltd.,1998-08-01,2009-02-25,False
Punjab Wireless Systems Ltd.,Punjab Wireless Systems Ltd.,1998-08-01,2000-01-12,False
RPG Cables Ltd.,RPG Cables Ltd.,1998-08-01,2004-12-10,False
RPG Transmission Ltd.,RPG Transmission Ltd.,1998-08-01,2002-04-23,False
RSWM Ltd.,RSWM Ltd.,1998-08-01,2009-04-17,False
Raasi Cement Ltd.- Sus,Raasi Cement Ltd.- Sus,1998-08-01,2000-02-16,False
Rajinder Steels Ltd.,Rajinder Steels Ltd.,1998-08-01,1999-09-08,False
Ranbaxy Laboratories Ltd.,Ranbaxy Laboratories Ltd.,1998-08-01,2014-11-28,False
Rashtriya Chemicals & Fertilizers Ltd.,Rashtriya Chemicals & Fertilizers Ltd.,1998-08-01,,True
Ravalgaon Sugar Farm Ltd.,Ravalgaon Sugar Farm Ltd.,1998-08-01,1999-02-03,False
Raymond Ltd.,Raymond Ltd.,1998-08-01,,True
Reckitt Benckiser (India) Ltd,Reckitt Benckiser (India) Ltd,1998-08-01,2003-03-27,False
Recron Synthetics Ltd.,Recron Synthetics Ltd.,1998-08-01,2001-04-25,False
Reliance Capital Ltd.,Reliance Capital Ltd.,1998-08-01,,True
Reliance Industrial Infrastructure Ltd.,Reliance Industrial Infrastructure Ltd.,1998-08-01,,True
Reliance Industries Ltd.,Reliance Industries Ltd.,1998-08-01,,True
Reliance Infrastructure Ltd.,Reliance Infrastructure Ltd.,1998-08-01,,True
Rhone-Poulenc (India) Ltd.,Rhone-Poulenc (India) Ltd.,1998-08-01,2002-01-17,False
Rico Auto Industries Ltd.,Rico Auto Industries Ltd.,1998-08-01,2011-10-10,False
Rolta India Ltd.,Rolta India Ltd.,1998-08-01,,True
Royal Cushion Vinyl Products Ltd.,Royal Cushion Vinyl Products Ltd.,1998-08-01,2000-02-16,False
Ruchi Soya Industries Ltd.,Ruchi Soya Industries Ltd.,1998-08-01,,True
SIV Industries Ltd.,SIV Industries Ltd.,1998-08-01,2002-04-23,False
SKF India Ltd.,SKF India Ltd.,1998-08-01,,True
SOL Pharmaceuticals Ltd.,SOL Pharmaceuticals Ltd.,1998-08-01,1999-12-08,False
SRF Ltd.,SRF Ltd.,1998-08-01,,True
Sakthi Sugars Ltd.,Sakthi Sugars Ltd.,1998-08-01,2011-10-10,False
Samtel Color Ltd.,Samtel Color Ltd.,1998-08-01,2009-03-27,False
Sandvik Asia Ltd. - Delisted,Sandvik Asia Ltd. - Delisted,1998-08-01,2002-08-20,False
Sanghi Polysters Ltd.,Sanghi Polysters Ltd.,1998-08-01,2001-04-25,False
Sanofi India Ltd.,Sanofi India Ltd.,1998-08-01,,True
Satyam Computer Services Ltd.,Satyam Computer Services Ltd.,1998-08-01,2009-01-12,False
Saurashtra Cement Ltd.,Saurashtra Cement Ltd.,1998-08-01,2001-12-07,False
Schenectady Beck India Ltd.,Schenectady Beck India Ltd.,1998-08-01,2002-04-23,False
Sesa Sterlite Ltd.,Sesa Sterlite Ltd.,1998-08-01,,True
Seshasayee Paper & Boards Ltd.,Seshasayee Paper & Boards Ltd.,1998-08-01,2009-10-22,False
Shaw Wallace & Co. Ltd.-Sus,Shaw Wallace & Co. Ltd.-Sus,1998-08-01,2000-05-24,False
Shipping Corporation of India Ltd.,Shipping Corporation of India Ltd.,1998-08-01,,True
Shree Cement Ltd.,Shree Cement Ltd.,1998-08-01,,True
Shrenuj & Co. Ltd.,Shrenuj & Co. Ltd.,1998-08-01,,True
Siemens Ltd.,Siemens Ltd.,1998-08-01,,True
Smithkline Beecham Pharmaceuticals (I) Ltd.-Merged,Smithkline Beecham Pharmaceuticals (I) Ltd.-Merged,1998-08-01,2001-12-07,False
Snowcem India Ltd.,Snowcem India Ltd.,1998-08-01,2004-12-10,False
Sona Koyo Steering Systems Ltd.,Sona Koyo Steering Systems Ltd.,1998-08-01,2013-04-01,False
Southern Petrochemicals Industries Corporation Ltd.,Southern Petrochemicals Industries Corporation Ltd.,1998-08-01,2004-12-10,False
Sree Rayalaseema Alkalies & Allied Chemicals Ltd.,Sree Rayalaseema Alkalies & Allied Chemicals Ltd.,1998-08-01,2001-04-25,False
Standard Industries Ltd.- Delisted,Standard Industries Ltd.- Delisted,1998-08-01,2003-11-19,False
State Bank of India,State Bank of India,1998-08-01,,True
Steel Authority of India Ltd.,Steel Authority of India Ltd.,1998-08-01,,True
Sterling Holiday Resorts (India) Ltd.-Delisted,Sterling Holiday Resorts (India) Ltd.-Delisted,1998-08-01,1999-09-08,False
Sterlite Industries (India) Ltd (Erstwhile),Sterlite Industries (India) Ltd (Erstwhile),1998-08-01,2000-09-20,False
Styrolution ABS (India) Ltd.,Styrolution ABS (India) Ltd.,1998-08-01,2009-03-27,False
Sudarshan Chemical Industries Ltd.,Sudarshan Chemical Industries Ltd.,1998-08-01,2001-04-25,False
Summit Securities Ltd.- Old,Summit Securities Ltd.- Old,1998-08-01,2009-03-27,False
Sun Pharmaceutical Industries Ltd.,Sun Pharmaceutical Industries Ltd.,1998-08-01,,True
Sundaram Clayton Ltd.- OLD,Sundaram Clayton Ltd.- OLD,1998-08-01,2008-04-24,False
Sundram Fasteners Ltd.,Sundram Fasteners Ltd.,1998-08-01,,True
Supreme Industries Ltd.,Supreme Industries Ltd.,1998-08-01,,True
Supreme Petrochem Ltd.,Supreme Petrochem Ltd.,1998-08-01,,True
Swaraj Engines Ltd.,Swaraj Engines Ltd.,1998-08-01,,True
Synthetics & Chemicals Ltd.,Synthetics & Chemicals Ltd.,1998-08-01,1999-12-08,False
TCI Industries Ltd.,TCI Industries Ltd.,1998-08-01,1998-10-07,False
TVS Suzuki Ltd. (old),TVS Suzuki Ltd. (old),1998-08-01,2000-05-10,False
Tamil Nadu Newsprint & Papers Ltd.,Tamil Nadu Newsprint & Papers Ltd.,1998-08-01,,True
Tamilnadu Petroproducts Ltd.,Tamilnadu Petroproducts Ltd.,1998-08-01,2011-10-10,False
Tata Chemicals Ltd.,Tata Chemicals Ltd.,1998-08-01,,True
Tata Communications Ltd.,Tata Communications Ltd.,1998-08-01,,True
Tata Elxsi Ltd.,Tata Elxsi Ltd.,1998-08-01,,True
Tata Finance Ltd.,Tata Finance Ltd.,1998-08-01,2005-08-05,False
Tata Global Beverages Ltd.,Tata Global Beverages Ltd.,1998-08-01,,True
Tata Hydro-Electric Power Supply Co. Ltd.,Tata Hydro-Electric Power Supply Co. Ltd.,1998-08-01,2000-11-29,False
Tata Infotech Ltd.-Merged,Tata Infotech Ltd.-Merged,1998-08-01,2003-04-01,False
Tata Investment Corporation Ltd.,Tata Investment Corporation Ltd.,1998-08-01,,True
Tata Motors Ltd.,Tata Motors Ltd.,1998-08-01,,True
Tata Power Co. Ltd.,Tata Power Co. Ltd.,1998-08-01,,True
Tata SSL Ltd.,Tata SSL Ltd.,1998-08-01,2002-06-06,False
Tata Sponge Iron Ltd.,Tata Sponge Iron Ltd.,1998-08-01,2002-09-19,False
Tata Steel Ltd.,Tata Steel Ltd.,1998-08-01,,True
Textool Co. Ltd.- Merger,Textool Co. Ltd.- Merger,1998-08-01,2000-09-03,False
The Ramco Cements Ltd.,The Ramco Cements Ltd.,1998-08-01,,True
Thermax Ltd.,Thermax Ltd.,1998-08-01,,True
Thiru Arooran Sugars Ltd.,Thiru Arooran Sugars Ltd.,1998-08-01,2009-03-27,False
Thomas Cook (India) Ltd.,Thomas Cook (India) Ltd.,1998-08-01,,True
Timex Watches Ltd.,Timex Watches Ltd.,1998-08-01,2002-04-23,False
Timken India Ltd.,Timken India Ltd.,1998-08-01,2002-09-19,False
Titan Industries Ltd.,Titan Industries Ltd.,1998-08-01,,True
Torrent Pharmaceuticals Ltd.,Torrent Pharmaceuticals Ltd.,1998-08-01,,True
Torrent Power AEC Ltd.,Torrent Power AEC Ltd.,1998-08-01,2006-09-21,False
Transpek Industry Ltd.,Transpek Industry Ltd.,1998-08-01,2002-03-29,False
Trent Ltd.,Trent Ltd.,1998-08-01,,True
Trigyn Technologies Ltd.,Trigyn Technologies Ltd.,1998-08-01,2007-04-04,False
Triveni Engineering & Industries Ltd. (Old),Triveni Engineering & Industries Ltd. (Old),1998-08-01,1999-02-03,False
Tube Investments of India Ltd.,Tube Investments of India Ltd.,1998-08-01,,True
UCAL Fuel Systems Ltd.,UCAL Fuel Systems Ltd.,1998-08-01,2009-10-22,False
UFLEX Ltd.,UFLEX Ltd.,1998-08-01,,True
Unitech Ltd.,Unitech Ltd.,1998-08-01,,True
United Breweries Ltd.-Old,United Breweries Ltd.-Old,1998-08-01,2002-08-13,False
United Phosphorous Ltd. -Sus,United Phosphorous Ltd. -Sus,1998-08-01,2003-12-05,False
Usha (India) Ltd.,Usha (India) Ltd.,1998-08-01,2002-09-19,False
Usha Martin Ltd.,Usha Martin Ltd.,1998-08-01,,True
Uttam Galva Steels Ltd.,Uttam Galva Steels Ltd.,1998-08-01,,True
Uttam Value Steels Ltd.,Uttam Value Steels Ltd.,1998-08-01,2002-03-29,False
V.I.P. Industries Ltd.,V.I.P. Industries Ltd.,1998-08-01,,True
VLS Finance Ltd.,VLS Finance Ltd.,1998-08-01,2002-07-09,False
VST Industries Ltd.,VST Industries Ltd.,1998-08-01,,True
Value Industries Ltd.,Value Industries Ltd.,1998-08-01,2009-10-22,False
Vardhman Holdings Ltd.,Vardhman Holdings Ltd.,1998-08-01,2005-04-13,False
Vardhman Textiles Ltd.,Vardhman Textiles Ltd.,1998-08-01,2011-03-25,False
Varun Shipping Co. Ltd.,Varun Shipping Co. Ltd.,1998-08-01,2013-09-27,False
Vesuvius India Ltd.,Vesuvius India Ltd.,1998-08-01,,True
Videocon International Ltd.,Videocon International Ltd.,1998-08-01,2006-01-06,False
Vikas WSP Ltd.,Vikas WSP Ltd.,1998-08-01,2001-12-07,False
Vindhya Telelinks Ltd.,Vindhya Telelinks Ltd.,1998-08-01,2009-03-27,False
Vinyl Chemicals (India) Ltd.,Vinyl Chemicals (India) Ltd.,1998-08-01,2006-03-02,False
Viral Filaments Ltd.,Viral Filaments Ltd.,1998-08-01,1999-03-17,False
Voltas Ltd.,Voltas Ltd.,1998-08-01,,True
Warren Tea Ltd.,Warren Tea Ltd.,1998-08-01,2002-07-09,False
Wartsila India Ltd.,Wartsila India Ltd.,1998-08-01,2003-05-02,False
Western India Industries Ltd.,Western India Industries Ltd.,1998-08-01,1999-02-03,False
Whirlpool of India Ltd.,Whirlpool of India Ltd.,1998-08-01,2003-08-11,False
Widia (India) Ltd.,Widia (India) Ltd.,1998-08-01,2002-09-19,False
Wimco Ltd.-Delisted,Wimco Ltd.-Delisted,1998-08-01,2005-03-24,False
Windsor Machines Ltd.,Windsor Machines Ltd.,1998-08-01,2002-04-23,False
Winsome Diamonds and Jewellery Ltd.,Winsome Diamonds and Jewellery Ltd.,1998-08-01,2002-09-19,False
Wipro Ltd.,Wipro Ltd.,1998-08-01,2013-04-01,False
Wockhardt Ltd. (old),Wockhardt Ltd. (old),1998-08-01,2000-01-12,False
Woolworth (India) Ltd.,Woolworth (India) Ltd.,1998-08-01,2000-12-13,False
Wyeth Ltd.,Wyeth Ltd.,1998-08-01,2014-05-12,False
Yokogawa Ltd.,Yokogawa Ltd.,1998-08-01,2004-12-10,False
Zandu Realty Ltd.,Zandu Realty Ltd.,1998-08-01,2009-12-22,False
Zee Entertainment Enterprises Ltd.,Zee Entertainment Enterprises Ltd.,1998-08-01,2010-10-07,False
Zensar Technolgies Ltd.,Zensar Technolgies Ltd.,1998-08-01,,True
Zuari Global Ltd.,Zuari Global Ltd.,1998-08-01,2012-04-09,False
CMC Ltd.,CMC Ltd.,1998-10-07,2015-03-27,False
Alstom T&D India Ltd.,Alstom T&D India Ltd.,1999-02-03,2011-12-14,False
Avery India Ltd.,Avery India Ltd.,1999-02-03,2001-08-31,False
Chettinad Cement Corporation Ltd.,Chettinad Cement Corporation Ltd.,1999-02-03,2009-10-22,False
Cholamandalam Investment and Finance Company Ltd.,Cholamandalam Investment and Finance Company Ltd.,1999-02-03,,True
Corporation Bank,Corporation Bank,1999-02-03,,True
Eicher Ltd.,Eicher Ltd.,1999-02-03,2007-03-06,False
Eveready Industries India Ltd.,Eveready Industries India Ltd.,1999-02-03,2005-03-15,False
ICICI Bank Ltd.,ICICI Bank Ltd.,1999-02-03,,True
ING Vysya Bank Ltd.,ING Vysya Bank Ltd.,1999-02-03,2015-02-02,False
Insilco Ltd. - Sus,Insilco Ltd. - Sus,1999-02-03,2002-09-19,False
Kohinoor Foods Ltd.,Kohinoor Foods Ltd.,1999-02-03,2011-03-25,False
Malwa Cotton Spinning Mills Ltd.,Malwa Cotton Spinning Mills Ltd.,1999-02-03,2002-04-23,False
Punjab Communications Ltd.,Punjab Communications Ltd.,1999-02-03,2003-04-01,False
Sundaram Finance Ltd.,Sundaram Finance Ltd.,1999-02-03,,True
Tourism Finance Corporation of India Ltd.,Tourism Finance Corporation of India Ltd.,1999-02-03,2011-10-10,False
Vardhman Polytex Ltd.,Vardhman Polytex Ltd.,1999-02-03,2008-09-10,False
Aurobindo Pharma Ltd.,Aurobindo Pharma Ltd.,1999-03-17,,True
Moser Baer India Ltd.,Moser Baer India Ltd.,1999-03-17,2012-09-28,False
National Aluminium Co. Ltd.,National Aluminium Co. Ltd.,1999-04-29,,True
Amara Raja Batteries Ltd.,Amara Raja Batteries Ltd.,1999-05-26,,True
Ashima Ltd.,Ashima Ltd.,1999-05-26,2005-09-26,False
Global Trust Bank Ltd.,Global Trust Bank Ltd.,1999-05-26,2004-08-27,False
Gujarat Mineral Development Corporation Ltd.,Gujarat Mineral Development Corporation Ltd.,1999-05-26,,True
Mangalore Refinery & Petrochemicals Ltd.,Mangalore Refinery & Petrochemicals Ltd.,1999-05-26,,True
PVP Ventures Ltd.,PVP Ventures Ltd.,1999-05-26,2011-03-25,False
Rayban Sun Optics India Ltd.,Rayban Sun Optics India Ltd.,1999-05-26,2003-04-01,False
Sri Vishnu Cement Ltd.- Merged,Sri Vishnu Cement Ltd.- Merged,1999-05-26,2001-08-31,False
Subros Ltd.,Subros Ltd.,1999-05-26,2002-04-23,False
Vashisti Detergents Ltd.,Vashisti Detergents Ltd.,1999-05-26,2006-03-23,False
e-Serve International Ltd.,e-Serve International Ltd.,1999-05-26,2004-12-10,False
ADC India Communications Ltd.,ADC India Communications Ltd.,1999-09-08,2003-04-01,False
Archies Ltd.,Archies Ltd.,1999-09-08,2008-09-10,False
Birla Ericsson Optical Ltd.,Birla Ericsson Optical Ltd.,1999-09-08,2007-09-24,False
Blue Dart Express Ltd.,Blue Dart Express Ltd.,1999-09-08,,True
Elgi Rubber Company Ltd.,Elgi Rubber Company Ltd.,1999-09-08,2008-04-23,False
Mirza International Ltd.,Mirza International Ltd.,1999-09-08,2011-03-25,False
Nilkamal Ltd.,Nilkamal Ltd.,1999-09-08,2013-04-01,False
Paper Products Ltd.,Paper Products Ltd.,1999-09-08,2012-04-27,False
Pentafour Products Ltd.,Pentafour Products Ltd.,1999-09-08,2001-04-25,False
Punjab Anand Lamp Industries Ltd.,Punjab Anand Lamp Industries Ltd.,1999-09-08,2002-07-09,False
Rallis India Ltd.,Rallis India Ltd.,1999-09-08,,True
Silverline Technologies Ltd. -Sus,Silverline Technologies Ltd. -Sus,1999-09-08,2003-04-07,False
TVS Electronics Ltd. - Merge,TVS Electronics Ltd. - Merge,1999-09-08,2003-09-11,False
Ciba Speciality Chemicals (India) Ltd.,Ciba Speciality Chemicals (India) Ltd.,1999-12-08,2003-04-07,False
DSQ Software Ltd.,DSQ Software Ltd.,1999-12-08,2005-09-26,False
Gulf Oil India Ltd.-Old,Gulf Oil India Ltd.-Old,1999-12-08,2002-09-19,False
IndusInd Bank Ltd.,IndusInd Bank Ltd.,1999-12-08,,True
PSI Data Systems Ltd.,PSI Data Systems Ltd.,1999-12-08,2004-03-15,False
Pharmacia Healthcare Ltd.,Pharmacia Healthcare Ltd.,1999-12-08,2005-03-04,False
Rain Calcining Ltd.,Rain Calcining Ltd.,1999-12-08,2007-12-26,False
Unichem Laboratories Ltd.,Unichem Laboratories Ltd.,1999-12-08,,True
Bayer Cropscience India Ltd. -Erstwhile,Bayer Cropscience India Ltd. -Erstwhile,2000-01-12,2003-11-21,False
Container Corporation of India Ltd.,Container Corporation of India Ltd.,2000-01-12,,True
Krebs Biochemicals Ltd.,Krebs Biochemicals Ltd.,2000-02-16,2002-07-09,False
Shasun Pharmaceuticals Ltd.,Shasun Pharmaceuticals Ltd.,2000-02-16,2015-03-27,False
Saregama India Ltd,Saregama India Ltd,2000-05-10,2011-03-25,False
Crest Animation Studios Ltd.,Crest Animation Studios Ltd.,2000-05-24,2009-10-22,False
Flextronics Software Systems Ltd.,Flextronics Software Systems Ltd.,2000-05-24,2006-02-03,False
Polaris Financial Technology Ltd.,Polaris Financial Technology Ltd.,2000-05-24,2014-09-19,False
Reliance Petroleum Ltd.- Merge,Reliance Petroleum Ltd.- Merge,2000-05-24,2002-09-19,False
Sri Adhikari Brothers Television Network Ltd.,Sri Adhikari Brothers Television Network Ltd.,2000-05-24,2007-10-25,False
Visualsoft Technologies Ltd.,Visualsoft Technologies Ltd.,2000-05-24,2007-04-30,False
Wockhardt Ltd.,Wockhardt Ltd.,2000-05-24,2012-04-27,False
Axis Bank Ltd.,Axis Bank Ltd.,2000-09-03,,True
Cybertech Systems & Software Ltd.,Cybertech Systems & Software Ltd.,2000-09-03,2005-09-26,False
IDBI Bank Ltd.-OLD,IDBI Bank Ltd.-OLD,2000-09-03,2005-05-09,False
Maars Software International Ltd.,Maars Software International Ltd.,2000-09-03,2007-04-04,False
Ramco Industries Ltd.,Ramco Industries Ltd.,2000-09-03,,True
Salora International Ltd.,Salora International Ltd.,2000-09-03,2009-03-27,False
Shyam Telecom Ltd.,Shyam Telecom Ltd.,2000-09-03,2006-07-25,False
Sonata Software Ltd.,Sonata Software Ltd.,2000-09-03,,True
Jain Studios Ltd.,Jain Studios Ltd.,2000-09-20,2007-04-04,False
Origin Agrostar Ltd.,Origin Agrostar Ltd.,2000-11-29,2001-12-07,False
Roofit Industries Ltd.,Roofit Industries Ltd.,2000-11-29,2003-03-17,False
Engineers India Ltd.,Engineers India Ltd.,2000-12-13,,True
MphasiS Ltd.,MphasiS Ltd.,2000-12-13,,True
Orient Information Technologies Ltd.,Orient Information Technologies Ltd.,2000-12-13,2007-04-04,False
Pentasoft Technologies Ltd.,Pentasoft Technologies Ltd.,2000-12-13,2006-09-13,False
SEAMEC Ltd.,SEAMEC Ltd.,2000-12-13,2011-10-10,False
Sandesh Ltd.,Sandesh Ltd.,2000-12-13,2009-03-27,False
Panacea Biotec Ltd.,Panacea Biotec Ltd.,2000-12-20,2012-04-27,False
R. S. Software (India) Ltd.,R. S. Software (India) Ltd.,2001-01-10,2004-12-10,False
Accelya Kale Solutions Ltd.,Accelya Kale Solutions Ltd.,2001-04-25,2008-09-10,False
Cadila Healthcare Ltd.,Cadila Healthcare Ltd.,2001-04-25,2008-12-29,False
Carol Info Services Ltd.,Carol Info Services Ltd.,2001-04-25,2012-03-09,False
Glenmark Pharmaceuticals Ltd.,Glenmark Pharmaceuticals Ltd.,2001-04-25,,True
HCL Technologies Ltd.,HCL Technologies Ltd.,2001-04-25,,True
Jindal Steel & Power Ltd.,Jindal Steel & Power Ltd.,2001-04-25,,True
Monsanto India Ltd.,Monsanto India Ltd.,2001-04-25,,True
Ramco Systems Ltd.,Ramco Systems Ltd.,2001-04-25,2011-03-25,False
Sterlite Industries (India) Ltd. -Sus,Sterlite Industries (India) Ltd. -Sus,2001-04-25,2002-05-14,False
Television Eighteen India Ltd.,Television Eighteen India Ltd.,2001-04-25,2011-06-21,False
Padmini Technologies Ltd.,Padmini Technologies Ltd.,2001-06-20,2003-01-21,False
Aksh Optifibre Ltd.,Aksh Optifibre Ltd.,2001-08-31,2011-10-10,False
Bank of Punjab Ltd.,Bank of Punjab Ltd.,2001-08-31,2005-10-06,False
Centurion Bank Ltd.,Centurion Bank Ltd.,2001-08-31,2004-01-28,False
Cinevista Ltd.,Cinevista Ltd.,2001-08-31,2007-04-04,False
FCL Technologies & Products Ltd.,FCL Technologies & Products Ltd.,2001-08-31,2006-12-15,False
Karur Vysya Bank Ltd.,Karur Vysya Bank Ltd.,2001-08-31,,True
Shree Rama Multi Tech Ltd.,Shree Rama Multi Tech Ltd.,2001-08-31,2006-03-02,False
TVS Motor Company Ltd.,TVS Motor Company Ltd.,2001-08-31,,True
Hinduja Ventures Ltd.,Hinduja Ventures Ltd.,2001-10-11,2007-03-29,False
iGate Global Solutions Ltd.,iGate Global Solutions Ltd.,2001-10-11,2008-01-28,False
Aztecsoft Ltd.,Aztecsoft Ltd.,2001-12-07,2009-06-23,False
Balaji Telefilms Ltd.,Balaji Telefilms Ltd.,2001-12-07,2012-04-27,False
Henkel SPIC India Ltd.,Henkel SPIC India Ltd.,2001-12-07,2003-04-01,False
Mahindra Lifespace Developers Ltd.,Mahindra Lifespace Developers Ltd.,2001-12-07,,True
Motherson Sumi Systems Ltd.,Motherson Sumi Systems Ltd.,2001-12-07,,True
Mukta Arts Ltd,Mukta Arts Ltd,2001-12-07,2010-04-08,False
Neyveli Lignite Corporation Ltd.,Neyveli Lignite Corporation Ltd.,2001-12-07,,True
Soundcraft Industries Ltd.,Soundcraft Industries Ltd.,2001-12-07,2002-09-19,False
Sterling Biotech Ltd,Sterling Biotech Ltd,2001-12-07,2013-04-01,False
Sterlite Technologies Ltd.,Sterlite Technologies Ltd.,2001-12-07,,True
Syndicate Bank,Syndicate Bank,2001-12-07,,True
Tips Industries Ltd.,Tips Industries Ltd.,2001-12-07,2007-04-04,False
DCM Shriram Consolidated Ltd.,DCM Shriram Consolidated Ltd.,2002-01-17,,True
Jammu & Kashmir Bank Ltd.,Jammu & Kashmir Bank Ltd.,2002-01-17,,True
Sun Earth Ceramics Ltd.,Sun Earth Ceramics Ltd.,2002-01-17,2003-03-17,False
Tata Teleservices (Maharashtra) Ltd.,Tata Teleservices (Maharashtra) Ltd.,2002-01-17,2006-03-02,False
Infotech Enterprises Ltd.,Infotech Enterprises Ltd.,2002-01-29,,True
Aftek Ltd.,Aftek Ltd.,2002-03-29,2011-10-10,False
Alstom India Ltd.,Alstom India Ltd.,2002-03-29,,True
Bank of Rajasthan Ltd.,Bank of Rajasthan Ltd.,2002-03-29,2004-03-01,False
Creative Eye Ltd.,Creative Eye Ltd.,2002-03-29,2005-09-26,False
Geometric Ltd.,Geometric Ltd.,2002-03-29,,True
Infar (India) Ltd.,Infar (India) Ltd.,2002-03-29,2002-10-11,False
Information Technologies India Ltd.,Information Technologies India Ltd.,2002-03-29,2002-07-09,False
Karnataka Bank Ltd.,Karnataka Bank Ltd.,2002-03-29,,True
Kothari Products Ltd.,Kothari Products Ltd.,2002-03-29,2008-12-03,False
PNB Gilts Ltd.,PNB Gilts Ltd.,2002-03-29,2011-10-10,False
Prism Cement Ltd.,Prism Cement Ltd.,2002-03-29,2002-09-19,False
Reliance MediaWorks Ltd.,Reliance MediaWorks Ltd.,2002-03-29,2012-09-28,False
South Indian Bank Ltd.,South Indian Bank Ltd.,2002-03-29,,True
Vision Organics Ltd,Vision Organics Ltd,2002-03-29,2002-09-19,False
Williamson Tea Assam Ltd.,Williamson Tea Assam Ltd.,2002-03-29,2006-07-14,False
Ajanta Pharmaceuticals Ltd.,Ajanta Pharmaceuticals Ltd.,2002-04-23,2011-03-25,False
Andhra Bank,Andhra Bank,2002-04-23,,True
Blue Star Infotech Ltd.,Blue Star Infotech Ltd.,2002-04-23,2008-09-10,False
Can Fin Homes Ltd.,Can Fin Homes Ltd.,2002-04-23,,True
City Union Bank Ltd.,City Union Bank Ltd.,2002-04-23,,True
Eicher Motors Ltd.,Eicher Motors Ltd.,2002-04-23,,True
FCI OEN Connectors Ltd.,FCI OEN Connectors Ltd.,2002-04-23,2007-09-10,False
GSL Nova Petrochemicals Ltd.,GSL Nova Petrochemicals Ltd.,2002-04-23,2007-09-24,False
Havell's India Ltd.,Havell's India Ltd.,2002-04-23,,True
Indian Overseas Bank,Indian Overseas Bank,2002-04-23,,True
Indraprastha Medical Corporation Ltd.,Indraprastha Medical Corporation Ltd.,2002-04-23,2014-09-19,False
Jagsonpal Pharmaceuticals Ltd.,Jagsonpal Pharmaceuticals Ltd.,2002-04-23,2007-09-24,False
Jubilant Life Sciences Ltd.,Jubilant Life Sciences Ltd.,2002-04-23,2010-11-25,False
Lakshmi Auto Components Ltd.- Delisted,Lakshmi Auto Components Ltd.- Delisted,2002-04-23,2004-04-16,False
Lakshmi Vilas Bank Ltd.,Lakshmi Vilas Bank Ltd.,2002-04-23,,True
Next Mediaworks Ltd.,Next Mediaworks Ltd.,2002-04-23,2011-01-20,False
Smartlink Network Systems Ltd.,Smartlink Network Systems Ltd.,2002-04-23,2010-04-08,False
Taj GVK Hotels & Resorts Ltd.,Taj GVK Hotels & Resorts Ltd.,2002-04-23,2012-09-28,False
United Western Bank Ltd.,United Western Bank Ltd.,2002-04-23,2006-10-05,False
Vijaya Bank,Vijaya Bank,2002-04-23,,True
Pritish Nandy Communications Ltd.,Pritish Nandy Communications Ltd.,2002-05-14,2007-04-04,False
Onward Technologies Ltd.,Onward Technologies Ltd.,2002-05-21,2007-09-24,False
Oil & Natural Gas Corporation Ltd.,Oil & Natural Gas Corporation Ltd.,2002-06-06,,True
Alok Industries Ltd.,Alok Industries Ltd.,2002-07-09,,True
Balmer Lawrie & Co. Ltd.,Balmer Lawrie & Co. Ltd.,2002-07-09,,True
Bhushan Steel Ltd.,Bhushan Steel Ltd.,2002-07-09,2002-09-19,False
Indian Oil Corporation Ltd.,Indian Oil Corporation Ltd.,2002-07-09,,True
Rain Industries Ltd,Rain Industries Ltd,2002-07-09,2004-03-15,False
Shanthi Gears Ltd.,Shanthi Gears Ltd.,2002-07-09,,True
West Coast Paper Mills Ltd.,West Coast Paper Mills Ltd.,2002-07-09,2014-09-19,False
Tata Coffee Ltd.,Tata Coffee Ltd.,2002-07-18,,True
NELCO Ltd.,NELCO Ltd.,2002-08-13,2012-04-27,False
Venky's (India) Ltd.,Venky's (India) Ltd.,2002-08-20,2015-03-27,False
AXIS IT&T Ltd.,AXIS IT&T Ltd.,2002-09-19,2004-12-10,False
Agro Dutch Industries Ltd.,Agro Dutch Industries Ltd.,2002-09-19,2009-10-22,False
Andhra Sugars Ltd.,Andhra Sugars Ltd.,2002-09-19,2011-10-10,False
Asahi India Glass Ltd.,Asahi India Glass Ltd.,2002-09-19,,True
BSL Ltd.,BSL Ltd.,2002-09-19,2006-03-02,False
Bharat Hotels Ltd. - Delisted,Bharat Hotels Ltd. - Delisted,2002-09-19,2003-06-17,False
Compudyne Winfosystems Ltd.,Compudyne Winfosystems Ltd.,2002-09-19,2004-11-18,False
Coromandel International Ltd.,Coromandel International Ltd.,2002-09-19,,True
Dena Bank,Dena Bank,2002-09-19,,True
Elder Pharmaceuticals Ltd.,Elder Pharmaceuticals Ltd.,2002-09-19,2015-03-27,False
First Leasing Co. of India Ltd.,First Leasing Co. of India Ltd.,2002-09-19,2012-09-28,False
Gammon India Ltd.,Gammon India Ltd.,2002-09-19,,True
Graphite India Ltd.,Graphite India Ltd.,2002-09-19,,True
Heritage Foods Ltd.,Heritage Foods Ltd.,2002-09-19,2011-10-10,False
IVRCL Ltd.,IVRCL Ltd.,2002-09-19,,True
India Nippon Electricals Ltd.,India Nippon Electricals Ltd.,2002-09-19,2008-09-10,False
KDL Biotech Ltd.,KDL Biotech Ltd.,2002-09-19,2006-03-02,False
KPIT Technologies Ltd.,KPIT Technologies Ltd.,2002-09-19,,True
Lupin Ltd.,Lupin Ltd.,2002-09-19,,True
MRO-TEK Ltd.,MRO-TEK Ltd.,2002-09-19,2009-10-22,False
Madras Fertilizers Ltd.,Madras Fertilizers Ltd.,2002-09-19,2004-12-10,False
Manali Petrochemicals Ltd.,Manali Petrochemicals Ltd.,2002-09-19,2006-09-28,False
Melstar Information Technologies Ltd.,Melstar Information Technologies Ltd.,2002-09-19,2007-04-04,False
NRB Bearings Ltd.,NRB Bearings Ltd.,2002-09-19,2011-10-10,False
PSL Ltd.,PSL Ltd.,2002-09-19,2014-03-28,False
Panasonic AVC Networks India Co. Ltd.,Panasonic AVC Networks India Co. Ltd.,2002-09-19,2002-11-11,False
Pricol Ltd.,Pricol Ltd.,2002-09-19,2011-10-10,False
S. Kumars Nationwide Ltd.,S. Kumars Nationwide Ltd.,2002-09-19,2014-09-19,False
S.B.& T. International Ltd.,S.B.& T. International Ltd.,2002-09-19,2007-09-24,False
SREI Infrastructure Finance Ltd.,SREI Infrastructure Finance Ltd.,2002-09-19,,True
Shirpur Gold Refinery Ltd.,Shirpur Gold Refinery Ltd.,2002-09-19,2005-04-20,False
Siltap Chemicals Ltd.- Merged,Siltap Chemicals Ltd.- Merged,2002-09-19,2003-10-01,False
Sintex Industries Ltd.,Sintex Industries Ltd.,2002-09-19,,True
Sirpur Paper Mills Ltd.,Sirpur Paper Mills Ltd.,2002-09-19,2010-04-08,False
Sundaram Brake Linings Ltd.,Sundaram Brake Linings Ltd.,2002-09-19,2008-09-10,False
Surya Roshni Ltd.,Surya Roshni Ltd.,2002-09-19,2012-04-27,False
Tamilnadu Telecommunications Ltd.,Tamilnadu Telecommunications Ltd.,2002-09-19,2005-09-26,False
Thirumalai Chemicals Ltd.,Thirumalai Chemicals Ltd.,2002-09-19,2003-01-21,False
United Spirits Ltd.,United Spirits Ltd.,2002-09-19,2014-09-19,False
Wellwin Industry Ltd.,Wellwin Industry Ltd.,2002-09-19,2005-04-20,False
Wheels India Ltd.,Wheels India Ltd.,2002-09-19,2009-03-27,False
Zenith Computer Ltd.,Zenith Computer Ltd.,2002-09-19,2008-09-10,False
Zodiac Clothing Co. Ltd.,Zodiac Clothing Co. Ltd.,2002-09-19,2014-03-28,False
HMT Ltd.,HMT Ltd.,2002-10-11,2011-03-25,False
Kakatiya Cement Sugar & Industries Ltd.,Kakatiya Cement Sugar & Industries Ltd.,2002-10-11,2007-09-24,False
Godrej Consumer Products Ltd.,Godrej Consumer Products Ltd.,2002-11-11,,True
KCP Ltd.,KCP Ltd.,2002-11-11,,True
Patspin India Ltd.,Patspin India Ltd.,2002-11-11,2007-09-24,False
MPS Ltd.,MPS Ltd.,2003-02-25,2008-11-05,False
Bharti Airtel Ltd.,Bharti Airtel Ltd.,2003-03-17,,True
Oracle Financial Services Software Ltd.,Oracle Financial Services Software Ltd.,2003-03-17,,True
Punjab National Bank,Punjab National Bank,2003-03-27,,True
Fertilisers and Chemicals Travancore Ltd.,Fertilisers and Chemicals Travancore Ltd.,2003-04-01,2006-03-02,False
Future Retail Ltd.,Future Retail Ltd.,2003-04-01,2013-04-17,False
Hexaware Technologies Ltd.,Hexaware Technologies Ltd.,2003-04-01,,True
Hikal Ltd.,Hikal Ltd.,2003-04-01,2011-10-10,False
Trident Ltd.,Trident Ltd.,2003-04-01,2011-10-10,False
Union Bank of India,Union Bank of India,2003-04-01,,True
Central India Polyesters Ltd.,Central India Polyesters Ltd.,2003-04-07,2006-10-05,False
Jain Irrigation Systems Ltd.,Jain Irrigation Systems Ltd.,2003-04-07,,True
Search Chem. Industries Ltd. - Sus,Search Chem. Industries Ltd. - Sus,2003-04-07,2003-12-05,False
Aptech Ltd.,Aptech Ltd.,2003-05-02,2014-09-19,False
Gujarat Ambuja Exports Ltd.,Gujarat Ambuja Exports Ltd.,2003-05-02,2012-09-28,False
Praj Industries Ltd.,Praj Industries Ltd.,2003-05-02,,True
Todays Writing Instruments Ltd.,Todays Writing Instruments Ltd.,2003-05-02,2007-09-24,False
Canara Bank,Canara Bank,2003-06-17,,True
Jindal Poly Films Ltd.,Jindal Poly Films Ltd.,2003-08-04,2013-07-17,False
Allahabad Bank,Allahabad Bank,2003-08-11,,True
Shriram Transport Finance Co. Ltd.,Shriram Transport Finance Co. Ltd.,2003-09-05,,True
Regency Ceramics Ltd.,Regency Ceramics Ltd.,2003-09-11,2006-03-02,False
Visaka Industries Ltd.,Visaka Industries Ltd.,2003-10-01,2008-09-10,False
Amtek Auto Ltd.,Amtek Auto Ltd.,2003-11-19,,True
Divi's Laboratories Ltd.,Divi's Laboratories Ltd.,2003-11-21,,True
Omax Autos Ltd.,Omax Autos Ltd.,2003-12-05,2011-03-25,False
State Trading Corporation of India Ltd.,State Trading Corporation of India Ltd.,2003-12-05,2012-04-27,False
Indo Gulf Fertilisers Ltd.,Indo Gulf Fertilisers Ltd.,2003-12-11,2006-04-10,False
SML Isuzu Ltd.,SML Isuzu Ltd.,2004-01-02,2009-03-27,False
JSW Steel Ltd.,JSW Steel Ltd.,2004-01-28,2005-02-21,False
Maruti Suzuki India Ltd.,Maruti Suzuki India Ltd.,2004-03-01,,True
Godrej Industries Ltd.,Godrej Industries Ltd.,2004-03-15,,True
Indo Rama Synthetics Ltd.,Indo Rama Synthetics Ltd.,2004-03-15,2013-04-01,False
Nava Bharat Ventures Ltd.,Nava Bharat Ventures Ltd.,2004-03-15,,True
Rane Engine Valves Ltd. -old,Rane Engine Valves Ltd. -old,2004-03-22,2008-02-15,False
Munjal Auto Industries Ltd.,Munjal Auto Industries Ltd.,2004-04-12,2006-05-17,False
Rane Brake Linings Ltd. -old,Rane Brake Linings Ltd. -old,2004-04-16,2008-02-15,False
UCO Bank,UCO Bank,2004-05-24,,True
Welspun Corp Ltd.,Welspun Corp Ltd.,2004-06-14,2013-11-18,False
Welspun India Ltd.,Welspun India Ltd.,2004-07-09,2009-06-19,False
Dredging Corporation of India Ltd.,Dredging Corporation of India Ltd.,2004-08-27,,True
UPL Ltd.,UPL Ltd.,2004-08-30,,True
Larsen & Toubro Ltd.,Larsen & Toubro Ltd.,2004-11-18,,True
Biocon Ltd.,Biocon Ltd.,2004-12-10,,True
Dishman Pharmaceuticals & Chemicals Ltd.,Dishman Pharmaceuticals & Chemicals Ltd.,2004-12-10,,True
Indraprastha Gas Ltd.,Indraprastha Gas Ltd.,2004-12-10,,True
Jaiprakash Associates Ltd.,Jaiprakash Associates Ltd.,2004-12-10,,True
LG Balakrishnan & Bros Ltd.,LG Balakrishnan & Bros Ltd.,2004-12-10,2008-05-21,False
Matrix Laboratories Ltd.,Matrix Laboratories Ltd.,2004-12-10,2009-08-14,False
Monnet Ispat and Energy Ltd.,Monnet Ispat and Energy Ltd.,2004-12-10,,True
NCC Ltd.,NCC Ltd.,2004-12-10,,True
NDTV Ltd.,NDTV Ltd.,2004-12-10,2014-03-28,False
Patni Computer Systems Ltd.,Patni Computer Systems Ltd.,2004-12-10,2012-05-21,False
Petronet LNG Ltd.,Petronet LNG Ltd.,2004-12-10,,True
Shree Rama Newsprint Ltd.,Shree Rama Newsprint Ltd.,2004-12-10,2006-08-02,False
Sterlite Industries (India) Ltd.,Sterlite Industries (India) Ltd.,2004-12-10,2012-09-28,False
Strides Arcolab Ltd.,Strides Arcolab Ltd.,2004-12-10,,True
Suryalakshmi Cotton Mills Ltd.,Suryalakshmi Cotton Mills Ltd.,2004-12-10,2005-04-06,False
TV Today Network Ltd.,TV Today Network Ltd.,2004-12-10,2012-09-28,False
Tata Consultancy Services Ltd.,Tata Consultancy Services Ltd.,2004-12-22,,True
UltraTech Cement Ltd.,UltraTech Cement Ltd.,2005-01-05,,True
Indiabulls Financial Services Ltd.,Indiabulls Financial Services Ltd.,2005-02-18,2013-03-19,False
Jindal Stainless Ltd.,Jindal Stainless Ltd.,2005-02-21,,True
Bosch Chassis Systems India Ltd.,Bosch Chassis Systems India Ltd.,2005-03-04,2008-10-31,False
Shriram Investments Ltd.-Merged,Shriram Investments Ltd.-Merged,2005-03-15,2005-12-14,False
NTPC Ltd.,NTPC Ltd.,2005-03-24,,True
Tata Metaliks Ltd.,Tata Metaliks Ltd.,2005-04-06,2012-04-27,False
Gujarat NRE Coke Ltd.,Gujarat NRE Coke Ltd.,2005-04-08,,True
Fresenius Kabi Oncology Ltd.,Fresenius Kabi Oncology Ltd.,2005-04-13,2013-11-18,False
Aarti Industries Ltd.,Aarti Industries Ltd.,2005-04-20,,True
Radico Khaitan Ltd,Radico Khaitan Ltd,2005-04-20,,True
Ind-Swift Laboratories Ltd.,Ind-Swift Laboratories Ltd.,2005-04-25,2013-04-01,False
Vishal Exports Overseas Ltd.,Vishal Exports Overseas Ltd.,2005-05-09,2009-03-27,False
Patel Engineering Ltd.,Patel Engineering Ltd.,2005-06-29,,True
Jet Airways (India) Ltd.,Jet Airways (India) Ltd.,2005-08-05,2013-09-27,False
Bhansali Engineering Polymers Ltd.,Bhansali Engineering Polymers Ltd.,2005-09-26,2013-04-01,False
Consolidated Finvest & Holdings Ltd.,Consolidated Finvest & Holdings Ltd.,2005-09-26,2010-04-08,False
Dwarikesh Sugar Industrial Ltd.,Dwarikesh Sugar Industrial Ltd.,2005-09-26,2011-03-25,False
Gateway Distriparks Ltd.,Gateway Distriparks Ltd.,2005-09-26,,True
HSIL Ltd.,HSIL Ltd.,2005-09-26,,True
Narmada Chematur Petrochemicals Ltd.,Narmada Chematur Petrochemicals Ltd.,2005-09-26,2007-03-15,False
Rajesh Exports Ltd.,Rajesh Exports Ltd.,2005-09-26,,True
Financial Technologies (India) Ltd.,Financial Technologies (India) Ltd.,2005-12-08,,True
Shoppers Stop Ltd.,Shoppers Stop Ltd.,2006-01-06,,True
IDFC Ltd.,IDFC Ltd.,2006-02-03,,True
Gokaldas Exports Ltd.,Gokaldas Exports Ltd.,2006-03-02,2011-03-25,False
HSBC InvestDirect (India) Ltd.,HSBC InvestDirect (India) Ltd.,2006-03-02,2010-07-08,False
HT Media Ltd.,HT Media Ltd.,2006-03-02,,True
Mercator Ltd.,Mercator Ltd.,2006-03-02,,True
Simplex Infrastructures Ltd.,Simplex Infrastructures Ltd.,2006-03-02,,True
Suzlon Energy Ltd.,Suzlon Energy Ltd.,2006-03-23,,True
Triveni Engineering & Industries Ltd.,Triveni Engineering & Industries Ltd.,2006-04-10,2011-05-03,False
Shree Renuka Sugars Ltd.,Shree Renuka Sugars Ltd.,2006-04-13,,True
Deccan Chronicle Holdings Ltd.,Deccan Chronicle Holdings Ltd.,2006-05-17,2013-01-23,False
Reliance Communications Ltd.,Reliance Communications Ltd.,2006-07-10,,True
Videocon Industries Ltd.,Videocon Industries Ltd.,2006-07-14,,True
Reliance Natural Resources Ltd.,Reliance Natural Resources Ltd.,2006-07-25,2010-10-07,False
B L Kashyap & Sons Ltd.,B L Kashyap & Sons Ltd.,2006-08-02,2011-10-10,False
Punj Lloyd Ltd.,Punj Lloyd Ltd.,2006-08-10,,True
Ansal Properties & Infrastructure Ltd.,Ansal Properties & Infrastructure Ltd.,2006-09-13,,True
Kirloskar Brothers Ltd.,Kirloskar Brothers Ltd.,2006-09-13,2010-03-09,False
Kalpataru Power Transmission Ltd.,Kalpataru Power Transmission Ltd.,2006-09-13,,True
Inox Leisure Ltd.,Inox Leisure Ltd.,2006-09-21,2012-04-27,False
Sun TV Network Ltd.,Sun TV Network Ltd.,2006-09-22,,True
Gitanjali Gems Ltd.,Gitanjali Gems Ltd.,2006-09-28,,True
Mahindra & Mahindra Financial Services Ltd.,Mahindra & Mahindra Financial Services Ltd.,2006-10-05,,True
Era Infra Engineering Ltd.,Era Infra Engineering Ltd.,2006-11-08,2014-09-19,False
D.S. Kulkarni Developers Ltd.,D.S. Kulkarni Developers Ltd.,2006-11-17,2011-10-10,False
GMR Infrastructure Ltd.,GMR Infrastructure Ltd.,2006-12-15,,True
Tech Mahindra Ltd.,Tech Mahindra Ltd.,2007-01-24,,True
Shree Precoated Steels Ltd.,Shree Precoated Steels Ltd.,2007-01-24,2009-05-11,False
Unity Infraprojects Ltd.,Unity Infraprojects Ltd.,2007-03-06,2013-04-01,False
Noida-Toll Bridge Co. Ltd.,Noida-Toll Bridge Co. Ltd.,2007-04-04,,True
Jagran Prakashan Ltd.,Jagran Prakashan Ltd.,2007-04-04,,True
McLeod Russel India Ltd.,McLeod Russel India Ltd.,2007-04-04,,True
Allcargo Logistics Ltd.,Allcargo Logistics Ltd.,2007-04-04,,True
Bombay Rayon Fashions Ltd.,Bombay Rayon Fashions Ltd.,2007-04-04,2014-03-28,False
Uttam Sugar Mills Ltd.,Uttam Sugar Mills Ltd.,2007-04-04,2009-10-22,False
Geojit BNP Paribas Financial Services Ltd.,Geojit BNP Paribas Financial Services Ltd.,2007-04-04,,True
Amtek India Ltd.,Amtek India Ltd.,2007-04-04,,True
Entertainment Network India Ltd.,Entertainment Network India Ltd.,2007-04-04,,True
Parsvnath Developer Ltd.,Parsvnath Developer Ltd.,2007-04-30,,True
Lanco Infratech Ltd.,Lanco Infratech Ltd.,2007-06-04,,True
Indiabulls Real Estate Ltd.,Indiabulls Real Estate Ltd.,2007-09-10,2011-12-07,False
Lakshmi Energy & Foods Ltd.,Lakshmi Energy & Foods Ltd.,2007-09-24,2012-04-27,False
Provogue (India) Ltd.,Provogue (India) Ltd.,2007-09-24,2012-03-07,False
JM Financial Ltd.,JM Financial Ltd.,2007-09-24,,True
Power Finance Corporation Ltd.,Power Finance Corporation Ltd.,2007-09-24,,True
Sobha Developers Ltd.,Sobha Developers Ltd.,2007-09-24,,True
Donear Industries Ltd.,Donear Industries Ltd.,2007-09-24,2010-04-08,False
Idea Cellular Ltd.,Idea Cellular Ltd.,2007-09-24,,True
GTL Infrastructure Ltd.,GTL Infrastructure Ltd.,2007-09-24,2012-09-28,False
MindTree Ltd.,MindTree Ltd.,2007-10-05,,True
Educomp Solutions Ltd.,Educomp Solutions Ltd.,2007-10-25,2015-03-27,False
TV18 Broadcast Ltd.,TV18 Broadcast Ltd.,2007-11-29,,True
DLF Ltd.,DLF Ltd.,2007-12-07,,True
India Infoline Ltd.,India Infoline Ltd.,2007-12-26,,True
Firstsource Solutions Ltd.,Firstsource Solutions Ltd.,2007-12-26,,True
Hubtown Ltd.,Hubtown Ltd.,2008-01-01,2015-03-27,False
Info Edge (India) Ltd.,Info Edge (India) Ltd.,2008-01-28,,True
Siti Cable Network Ltd.,Siti Cable Network Ltd.,2008-02-15,2009-03-27,False
Pearl Global Industries Ltd.,Pearl Global Industries Ltd.,2008-02-15,2011-03-25,False
Anant Raj Ltd.,Anant Raj Ltd.,2008-02-15,,True
NIIT Ltd.,NIIT Ltd.,2008-02-15,,True
ABG Shipyard Ltd.,ABG Shipyard Ltd.,2008-02-15,,True
Zee Media Corporation Ltd.,Zee Media Corporation Ltd.,2008-02-29,2010-04-15,False
Power Grid Corporation of India Ltd.,Power Grid Corporation of India Ltd.,2008-03-14,,True
Housing Development and Infrastructure Ltd.,Housing Development and Infrastructure Ltd.,2008-04-23,,True
Adani Ports and Special Economic Zone Ltd.,Adani Ports and Special Economic Zone Ltd.,2008-04-24,,True
Edelweiss Financial Services Ltd.,Edelweiss Financial Services Ltd.,2008-05-21,,True
Reliance Power Ltd.,Reliance Power Ltd.,2008-09-10,,True
NMDC Ltd.,NMDC Ltd.,2008-09-10,,True
Rei Agro Ltd.,Rei Agro Ltd.,2008-09-10,2015-03-27,False
Bajaj Holdings & Investment Ltd.,Bajaj Holdings & Investment Ltd.,2008-09-10,,True
Fortis Healthcare Ltd.,Fortis Healthcare Ltd.,2008-09-10,,True
Rural Electrification Corporation Ltd.,Rural Electrification Corporation Ltd.,2008-09-10,,True
Reliance Petroleum Ltd.,Reliance Petroleum Ltd.,2008-09-22,2009-06-17,False
Bajaj Finserv Ltd.,Bajaj Finserv Ltd.,2008-10-31,,True
Omaxe Ltd.,Omaxe Ltd.,2008-11-05,,True
Religare Enterprises Ltd.,Religare Enterprises Ltd.,2008-12-03,,True
Cairn India Ltd.,Cairn India Ltd.,2009-01-12,,True
GVK Power & Infrastructures Ltd.,GVK Power & Infrastructures Ltd.,2009-02-25,,True
Advanta Ltd.,Advanta Ltd.,2009-03-27,,True
Capital First Ltd.,Capital First Ltd.,2009-03-27,,True
V2 Retail Ltd.,V2 Retail Ltd.,2009-03-27,2011-03-25,False
Puravankara Projects Ltd.,Puravankara Projects Ltd.,2009-03-27,,True
UTV Software Communication Ltd.,UTV Software Communication Ltd.,2009-03-27,2012-03-09,False
IRB Infrastructure Developers Ltd.,IRB Infrastructure Developers Ltd.,2009-03-27,,True
Koutons Retail India Ltd.,Koutons Retail India Ltd.,2009-03-27,2011-10-10,False
K.S. Oils Ltd.,K.S. Oils Ltd.,2009-03-27,2013-06-21,False
National Fertilizers Ltd.,National Fertilizers Ltd.,2009-03-27,2012-04-27,False
Jai Corp Ltd.,Jai Corp Ltd.,2009-03-27,,True
Dynamatic Technologies Ltd.,Dynamatic Technologies Ltd.,2009-03-27,2014-03-28,False
Motilal Oswal Financial Services Ltd.,Motilal Oswal Financial Services Ltd.,2009-04-17,,True
Phoenix Mills Ltd.,Phoenix Mills Ltd.,2009-06-17,,True
Tulip Telecom Ltd.,Tulip Telecom Ltd.,2009-06-19,2014-03-28,False
Century Plyboards (India) Ltd.,Century Plyboards (India) Ltd.,2009-06-23,2013-07-17,False
Torrent Power Ltd.,Torrent Power Ltd.,2009-07-31,,True
Indiabulls Securities Ltd.,Indiabulls Securities Ltd.,2009-08-14,,True
United Breweries Ltd.,United Breweries Ltd.,2009-10-22,,True
PTC India Ltd.,PTC India Ltd.,2009-10-22,,True
GOL Offshore Ltd.,GOL Offshore Ltd.,2009-10-22,2014-09-19,False
Kec International Ltd.,Kec International Ltd.,2009-10-22,,True
Gujarat State Petronet Ltd.,Gujarat State Petronet Ltd.,2009-10-22,,True
Yes Bank Ltd.,Yes Bank Ltd.,2009-10-22,,True
Everest Kanto Cylinder Ltd.,Everest Kanto Cylinder Ltd.,2009-10-22,2012-09-28,False
Redington (India) Ltd.,Redington (India) Ltd.,2009-10-22,,True
3i Infotech Ltd.,3i Infotech Ltd.,2009-12-22,2013-09-27,False
Brigade Enterprises Ltd.,Brigade Enterprises Ltd.,2010-03-09,,True
NHPC Ltd.,NHPC Ltd.,2010-04-06,,True
Banco Products (India) Ltd.,Banco Products (India) Ltd.,2010-04-08,2013-04-01,False
Binani Cement Ltd.,Binani Cement Ltd.,2010-04-08,2011-05-18,False
Gammon Infrastructure Projects Ltd.,Gammon Infrastructure Projects Ltd.,2010-04-08,,True
JSW Holdings Ltd.,JSW Holdings Ltd.,2010-04-08,,True
Karuturi Global Ltd.,Karuturi Global Ltd.,2010-04-08,2014-03-28,False
Adani Power Ltd.,Adani Power Ltd.,2010-04-15,2014-09-19,False
Oil India Ltd.,Oil India Ltd.,2010-04-15,,True
JSW Energy Ltd.,JSW Energy Ltd.,2010-05-26,,True
Tinplate Company of India Ltd.,Tinplate Company of India Ltd.,2010-07-08,2014-09-19,False
Jaypee Infratech Ltd.,Jaypee Infratech Ltd.,2010-09-17,,True
D B Realty Ltd.,D B Realty Ltd.,2010-09-24,,True
Jaiprakash Power Ventures Ltd.,Jaiprakash Power Ventures Ltd.,2010-10-07,,True
Jubilant Foodworks Ltd.,Jubilant Foodworks Ltd.,2010-10-07,,True
Sunteck Realty Ltd.,Sunteck Realty Ltd.,2010-11-25,,True
Hathway Cable & Datacom Ltd.,Hathway Cable & Datacom Ltd.,2011-01-20,,True
Shree Ashtavinayak Cine Vision Ltd.,Shree Ashtavinayak Cine Vision Ltd.,2011-01-20,2014-03-28,False
Orbit Corporation Ltd.,Orbit Corporation Ltd.,2011-03-24,2014-09-19,False
Allied Digital Services Ltd.,Allied Digital Services Ltd.,2011-03-25,2012-04-27,False
BGR Energy Systems Ltd,BGR Energy Systems Ltd,2011-03-25,,True
Bajaj Electricals Ltd,Bajaj Electricals Ltd,2011-03-25,,True
CORE Education & Technologies Ltd.,CORE Education & Technologies Ltd.,2011-03-25,2014-09-19,False
Cox & Kings Ltd.,Cox & Kings Ltd.,2011-03-25,,True
Delta Corp Ltd.,Delta Corp Ltd.,2011-03-25,,True
Emami Ltd.,Emami Ltd.,2011-03-25,,True
Godrej Properties Ltd.,Godrej Properties Ltd.,2011-03-25,,True
Kemrock Industries and Exports Ltd.,Kemrock Industries and Exports Ltd.,2011-03-25,2013-09-27,False
Opto Circuits (I) Ltd.,Opto Circuits (I) Ltd.,2011-03-25,,True
Orissa Min Dev Co Ltd.,Orissa Min Dev Co Ltd.,2011-03-25,,True
Pipavav Defence and Offshore Engineering Company Ltd.,Pipavav Defence and Offshore Engineering Company Ltd.,2011-03-25,,True
Sadbhav Engineering Ltd,Sadbhav Engineering Ltd,2011-03-25,,True
Zydus Wellness Ltd.,Zydus Wellness Ltd.,2011-03-25,,True
Coal India Ltd.,Coal India Ltd.,2011-04-11,,True
Oberoi Realty Ltd.,Oberoi Realty Ltd.,2011-04-21,,True
Prestige Estates Projects Ltd.,Prestige Estates Projects Ltd.,2011-05-03,,True
ARSS Infrastructure Projects Ltd.,ARSS Infrastructure Projects Ltd.,2011-05-18,2012-09-28,False
IL&FS Engineering and Construction Company Ltd.,IL&FS Engineering and Construction Company Ltd.,2011-05-18,2015-03-27,False
Dish TV India Ltd.,Dish TV India Ltd.,2011-08-29,2013-09-27,False
AIA Engineering Ltd.,AIA Engineering Ltd.,2011-10-10,,True
BF Utilities Ltd.,BF Utilities Ltd.,2011-10-10,,True
Central Bank of India,Central Bank of India,2011-10-10,,True
Development Credit Bank Ltd,Development Credit Bank Ltd,2011-10-10,,True
Dewan Housing Finance Corporation Ltd.,Dewan Housing Finance Corporation Ltd.,2011-10-10,,True
Dhanlaxmi Bank Ltd.,Dhanlaxmi Bank Ltd.,2011-10-10,,True
Gujarat Pipavav Port Ltd.,Gujarat Pipavav Port Ltd.,2011-10-10,,True
Himachal Fut Com Ltd.,Himachal Fut Com Ltd.,2011-10-10,,True
Indiabulls Power Ltd.,Indiabulls Power Ltd.,2011-10-10,,True
Indian Bank,Indian Bank,2011-10-10,,True
KSK Energy Ventures Ltd,KSK Energy Ventures Ltd,2011-10-10,,True
Network18 Media & Investments Ltd.,Network18 Media & Investments Ltd.,2011-10-10,,True
Page Industries Ltd.,Page Industries Ltd.,2011-10-10,,True
Persistent Systems Ltd.,Persistent Systems Ltd.,2011-10-10,,True
SKS Microfinance Ltd.,SKS Microfinance Ltd.,2011-10-10,,True
State Bank of Bikaner & Jaipur Ltd.,State Bank of Bikaner & Jaipur Ltd.,2011-10-10,,True
State Bank of Travancore,State Bank of Travancore,2011-10-10,,True
Sujana Towers Ltd.-old,Sujana Towers Ltd.-old,2011-10-10,2013-08-07,False
eClerx Services Ltd.,eClerx Services Ltd.,2011-10-10,,True
Future Consumer Enterprise Ltd.,Future Consumer Enterprise Ltd.,2011-11-22,2013-06-11,False
Jai Balaji Industries Ltd.,Jai Balaji Industries Ltd.,2011-12-07,2013-04-01,False
MVL Ltd.,MVL Ltd.,2011-12-14,2013-04-01,False
L&T Finance Holdings Ltd.,L&T Finance Holdings Ltd.,2012-03-09,,True
United Breweries (Holdings) Ltd.,United Breweries (Holdings) Ltd.,2012-04-09,2014-03-28,False
J.Kumar Infraprojects Ltd.,J.Kumar Infraprojects Ltd.,2012-04-12,,True
Arshiya International Ltd.,Arshiya International Ltd.,2012-04-27,2013-09-27,False
Eros Intl Media Ltd.,Eros Intl Media Ltd.,2012-04-27,,True
ICRA Ltd.,ICRA Ltd.,2012-04-27,,True
ICSA (India) Ltd.,ICSA (India) Ltd.,2012-04-27,2012-09-28,False
Kwality Ltd.,Kwality Ltd.,2012-04-27,2013-04-01,False
Lovable Lingerie Ltd.,Lovable Lingerie Ltd.,2012-04-27,2015-03-27,False
Muthoot Finance Ltd.,Muthoot Finance Ltd.,2012-04-27,,True
Ramky Infra Ltd.,Ramky Infra Ltd.,2012-04-27,2013-09-27,False
TD Power Systems Ltd.,TD Power Systems Ltd.,2012-04-27,,True
Techno Elt & Eng Co. Ltd.,Techno Elt & Eng Co. Ltd.,2012-04-27,,True
Tree House Education & Accessories Ltd.,Tree House Education & Accessories Ltd.,2012-04-27,,True
WABCO India Ltd.,WABCO India Ltd.,2012-04-27,,True
S.E. Investments Ltd.,S.E. Investments Ltd.,2012-05-21,,True
Man Infraconstruction Ltd.,Man Infraconstruction Ltd.,2012-06-18,2014-09-19,False
Autoline Industries Ltd.,Autoline Industries Ltd.,2012-09-28,2013-09-27,False
Balkrishna Industries Ltd.,Balkrishna Industries Ltd.,2012-09-28,2015-03-24,False
Flexituff International Ltd.,Flexituff International Ltd.,2012-09-28,,True
Gati Ltd.,Gati Ltd.,2012-09-28,,True
Innoventive Industries Ltd.,Innoventive Industries Ltd.,2012-09-28,2014-03-28,False
Mandhana Industries Ltd.,Mandhana Industries Ltd.,2012-09-28,,True
Mangalore Chemicals & Fertilizers Ltd.,Mangalore Chemicals & Fertilizers Ltd.,2012-09-28,,True
Prime Focus Ltd,Prime Focus Ltd,2012-09-28,2015-03-27,False
Shri Lakshmi Cotsyn Ltd.,Shri Lakshmi Cotsyn Ltd.,2012-09-28,2013-04-01,False
Shriram City Union Finance Ltd.,Shriram City Union Finance Ltd.,2012-09-28,,True
Supreme Infrastructure India Ltd.,Supreme Infrastructure India Ltd.,2012-09-28,,True
TTK Prestige Ltd.,TTK Prestige Ltd.,2012-09-28,,True
Vakrangee Software Ltd.,Vakrangee Software Ltd.,2012-09-28,,True
MOIL Ltd.,MOIL Ltd.,2013-01-23,,True
Sun Pharma Advanced Research Company Ltd.,Sun Pharma Advanced Research Company Ltd.,2013-03-07,2013-09-27,False
PVR Ltd.,PVR Ltd.,2013-03-19,,True
Den Networks Ltd.,Den Networks Ltd.,2013-04-01,,True
